lat,lon,temp_avg,temp_min,temp_max,pm_1_avg,pm_1_min,pm_1_max,pm_2_5_avg,pm_2_5_min,pm_2_5_max,pm_10_avg,pm_10_min,pm_10_max,hum_avg,hum_min,hum_max,date,hour
51.444,5.475,7.333104,7.333104,7.333104,7.8219194,7.8219194,7.8219194,8.271385,8.271385,8.271385,8.271388,8.271388,8.271388,37.804214,37.804214,37.804214,2025-03-19,7
51.445,5.475,7.204928,7.116807,7.293049,7.379898,7.309925,7.449871,7.8039646,7.729971,7.8779583,7.803967,7.729973,7.8779607,37.804985,37.607376,38.002594,2025-03-19,7
51.446,5.475,7.2040377,7.103456,7.341115,6.949175,6.372965,7.710045,7.3489623,6.7391944,8.153082,7.3495407,6.7392287,8.153085,37.85788,37.311356,38.249786,2025-03-19,7
51.447,5.475,7.159533,7.159533,7.159533,6.4259634,6.4259634,6.4259634,6.7952147,6.7952147,6.7952147,6.7952166,6.7952166,6.7952166,37.889664,37.889664,37.889664,2025-03-19,7
51.444,5.476,7.408763,7.311741,7.474631,7.7172346,7.3195624,7.946081,8.160687,7.7401676,8.402682,8.160692,7.7401786,8.402684,37.93443,37.819473,38.016327,2025-03-19,7
51.443,5.477,7.3838406,7.362478,7.405203,6.946834,6.8347774,7.058891,7.3475084,7.229924,7.465093,7.349336,7.2328672,7.4658055,38.080414,38.072784,38.088043,2025-03-19,7
51.444,5.477,7.38384,7.38384,7.38384,7.2309794,7.2309794,7.2309794,7.646551,7.646551,7.646551,7.6466293,7.6466293,7.6466293,38.158234,38.158234,38.158234,2025-03-19,7
51.442,5.478,7.3865104,7.293049,7.479972,6.5763035,6.472509,6.680098,6.9541936,6.8444347,7.0639524,6.9541955,6.8444366,7.0639544,37.73784,37.62874,37.84694,2025-03-19,7
51.441,5.479,7.3664827,7.327763,7.405203,6.6758504,6.6211553,6.7305455,7.0594606,7.0016227,7.1172986,7.0594625,7.0016246,7.1173005,37.808792,37.763016,37.85457,2025-03-19,7
51.44,5.48,7.495994,7.495994,7.495994,6.5867047,6.5867047,6.5867047,6.9651923,6.9651923,6.9651923,6.965194,6.965194,6.965194,37.57228,37.57228,37.57228,2025-03-19,7
51.441,5.48,7.522697,7.522697,7.522697,6.728693,6.728693,6.728693,7.1153398,7.1153398,7.1153398,7.1153417,7.1153417,7.1153417,37.41664,37.41664,37.41664,2025-03-19,7
51.44,5.481,7.479972,7.479972,7.479972,6.7990313,6.7990313,6.7990313,7.1897197,7.1897197,7.1897197,7.189722,7.189722,7.189722,37.586014,37.586014,37.586014,2025-03-19,7
51.467,5.384,8.636225,8.60151,8.670939,6.998507,6.843715,7.1532984,7.4006577,7.2369714,7.564344,7.40066,7.236974,7.5643463,39.49034,39.337753,39.64293,2025-03-19,8
51.468,5.385,8.676279,8.676279,8.676279,7.0933523,7.0933523,7.0933523,7.500953,7.500953,7.500953,7.5009556,7.5009556,7.5009556,39.519333,39.519333,39.519333,2025-03-19,8
51.468,5.386,8.649576,8.649576,8.649576,6.7856045,6.7856045,6.7856045,7.1755214,7.1755214,7.1755214,7.1755238,7.1755238,7.1755238,39.752792,39.752792,39.752792,2025-03-19,8
51.468,5.387,8.628213,8.628213,8.628213,7.123174,7.123174,7.123174,7.532489,7.532489,7.532489,7.532491,7.532491,7.532491,39.49034,39.49034,39.49034,2025-03-19,8
51.468,5.388,8.544098,8.481345,8.606851,6.9222846,6.824768,7.0198007,7.3200555,7.2169356,7.4231753,7.320058,7.216938,7.4231777,39.138626,39.13481,39.14244,2025-03-19,8
51.468,5.389,8.60151,8.60151,8.60151,6.4631405,6.4631405,6.4631405,6.834528,6.834528,6.834528,6.8345304,6.8345304,6.8345304,38.879974,38.879974,38.879974,2025-03-19,8
51.468,5.39,8.692301,8.692301,8.692301,6.739864,6.739864,6.739864,7.1271524,7.1271524,7.1271524,7.127155,7.127155,7.127155,39.32402,39.32402,39.32402,2025-03-19,8
51.468,5.391,8.737697,8.732356,8.740367,6.8491154,6.4934616,7.4239335,7.242682,6.8665915,7.85053,7.2426844,6.866594,7.8505325,39.655136,39.395737,39.926743,2025-03-19,8
51.468,5.392,8.789768,8.769741,8.809796,7.6286764,7.5622134,7.6951394,8.067039,7.996756,8.1373205,8.067041,7.996759,8.137323,39.491104,39.455246,39.526962,2025-03-19,8
51.468,5.393,8.873883,8.839169,8.92195,7.4496384,7.2990885,7.7239995,7.8777122,7.7185116,8.167839,7.877715,7.718514,8.167841,40.541306,39.810776,41.228348,2025-03-19,8
51.469,5.393,8.867208,8.839169,8.895246,7.02157,6.9335456,7.109595,7.4250464,7.3319635,7.518129,7.425049,7.331966,7.5181313,40.02517,39.810776,40.239563,2025-03-19,8
51.47,5.393,8.80312,8.788433,8.817807,6.6669908,6.58076,6.7532215,7.0535836,6.9658895,7.141278,7.0578523,6.974425,7.14128,39.37819,39.163803,39.592575,2025-03-19,8
51.471,5.393,8.852521,8.831158,8.873884,6.7763963,6.5072703,7.045522,7.166895,6.8813925,7.4523973,7.168255,6.881639,7.454871,39.363693,39.2874,39.439987,2025-03-19,8
51.471,5.394,8.84451,8.84451,8.84451,5.9755783,5.9755783,5.9755783,6.3224816,6.3224816,6.3224816,6.3268013,6.3268013,6.3268013,39.047836,39.047836,39.047836,2025-03-19,8
51.47,5.395,8.887235,8.887235,8.887235,5.798051,5.798051,5.798051,6.154899,6.154899,6.154899,6.183822,6.183822,6.183822,39.02495,39.02495,39.02495,2025-03-19,8
51.47,5.396,8.865873,8.865873,8.865873,6.5366054,6.5366054,6.5366054,6.9240084,6.9240084,6.9240084,6.9384146,6.9384146,6.9384146,39.382004,39.382004,39.382004,2025-03-19,8
51.47,5.397,8.796445,8.670939,8.92195,6.572274,6.538095,6.606453,6.9509625,6.915651,6.9862742,6.952225,6.917928,6.9865227,38.91279,38.771637,39.05394,2025-03-19,8
51.469,5.398,8.783093,8.783093,8.783093,6.569647,6.569647,6.569647,6.9471726,6.9471726,6.9471726,6.9472,6.9472,6.9472,39.592575,39.592575,39.592575,2025-03-19,8
51.469,5.399,8.753719,8.753719,8.753719,6.8261356,6.8261356,6.8261356,7.2183814,7.2183814,7.2183814,7.218384,7.218384,7.218384,39.382004,39.382004,39.382004,2025-03-19,8
51.469,5.4,8.817807,8.817807,8.817807,6.864286,6.864286,6.864286,7.2593956,7.2593956,7.2593956,7.260216,7.260216,7.260216,40.297546,40.297546,40.297546,2025-03-19,8
51.476,5.445,6.9485765,6.879148,7.018005,7.5639157,7.4472556,7.680576,7.998556,7.8751926,8.12192,7.9985585,7.8751945,8.1219225,40.07171,39.90233,40.24109,2025-03-19,8
51.476,5.446,6.7763405,6.772335,6.780346,6.6697903,6.529415,6.8101654,7.0530524,6.904611,7.201494,7.0530543,6.904613,7.201496,41.239784,40.854492,41.625076,2025-03-19,8
51.475,5.447,6.7338824,6.49195,6.919203,7.185903,6.8926897,7.462705,7.600683,7.288762,7.896398,7.60296,7.2887664,7.9023476,42.317837,41.921097,42.619965,2025-03-19,8
51.476,5.447,6.793698,6.793698,6.793698,6.4296503,6.4296503,6.4296503,6.7991133,6.7991133,6.7991133,6.799115,6.799115,6.799115,42.874786,42.874786,42.874786,2025-03-19,8
51.474,5.448,6.765659,6.668192,6.863126,7.259064,7.147923,7.3702054,7.6761875,7.55866,7.793715,7.6761894,7.558662,7.793717,41.575485,41.399246,41.751724,2025-03-19,8
51.472,5.449,6.801709,6.801709,6.801709,7.2962513,7.2962513,7.2962513,7.715532,7.715532,7.715532,7.715558,7.715558,7.715558,40.875854,40.875854,40.875854,2025-03-19,8
51.473,5.449,6.7416267,6.590753,6.8925,7.2476444,7.215515,7.2797737,7.664111,7.630136,7.6980867,7.6641135,7.630138,7.698089,41.709763,41.702896,41.71663,2025-03-19,8
51.472,5.45,6.879148,6.879148,6.879148,7.286369,7.286369,7.286369,7.7052684,7.7052684,7.7052684,7.705522,7.705522,7.705522,40.134277,40.134277,40.134277,2025-03-19,8
51.472,5.451,6.801709,6.801709,6.801709,7.1820874,7.1820874,7.1820874,7.5967016,7.5967016,7.5967016,7.599043,7.599043,7.599043,39.59868,39.59868,39.59868,2025-03-19,8
51.472,5.452,6.762989,6.745632,6.780346,6.6971083,6.637868,6.7563486,7.121163,7.0809307,7.161395,7.1690717,7.1562147,7.181929,39.817642,39.732956,39.90233,2025-03-19,8
51.472,5.453,6.6788735,6.577401,6.780346,6.691748,6.5925016,6.7909946,7.134321,7.0311294,7.2375135,7.2052236,7.1041775,7.30627,39.792465,39.76805,39.81688,2025-03-19,8
51.471,5.454,6.839093,6.828412,6.849774,7.067149,7.055017,7.0792813,7.5246353,7.5110908,7.5381794,7.5874043,7.572986,7.601823,40.067894,39.98625,40.149536,2025-03-19,8
51.47,5.455,6.8497744,6.780346,6.919203,6.824576,6.786866,6.862286,7.2603974,7.223987,7.2968073,7.3137326,7.281557,7.3459086,41.12992,40.854492,41.40535,2025-03-19,8
51.468,5.456,6.868467,6.844434,6.8925,6.7366586,6.591729,6.881588,7.1335397,6.9787474,7.288332,7.145485,6.9888177,7.3021517,40.894165,40.79193,40.9964,2025-03-19,8
51.469,5.456,6.836423,6.836423,6.836423,7.0012436,7.0012436,7.0012436,7.4301953,7.4301953,7.4301953,7.462742,7.462742,7.462742,41.306168,41.306168,41.306168,2025-03-19,8
51.467,5.457,6.9485765,6.927214,6.969939,7.025487,6.9999485,7.0510254,7.446095,7.4224396,7.4697504,7.4667497,7.447187,7.4863124,41.43358,41.32753,41.539627,2025-03-19,8
51.466,5.458,6.956588,6.956588,6.956588,7.6612835,7.6612835,7.6612835,8.1140175,8.1140175,8.1140175,8.129287,8.129287,8.129287,41.25734,41.25734,41.25734,2025-03-19,8
51.464,5.459,6.844434,6.844434,6.844434,8.177884,8.177884,8.177884,8.648745,8.648745,8.648745,8.649898,8.649898,8.649898,39.8947,39.8947,39.8947,2025-03-19,8
51.465,5.459,6.969939,6.900511,7.039368,7.7041163,7.4055924,8.00264,8.146864,7.831142,8.462586,8.146932,7.831153,8.462711,40.45929,40.325012,40.593567,2025-03-19,8
51.463,5.46,6.900511,6.900511,6.900511,7.5607815,7.5607815,7.5607815,7.995245,7.995245,7.995245,7.995254,7.995254,7.995254,39.908432,39.908432,39.908432,2025-03-19,8
51.464,5.46,6.965934,6.956588,6.97528,8.073862,7.8884635,8.259261,8.538865,8.34366,8.73407,8.540166,8.345995,8.734336,39.85885,39.717697,40.0,2025-03-19,8
51.463,5.461,6.750972,6.750972,6.750972,7.3735085,7.3735085,7.3735085,7.797263,7.797263,7.797263,7.797336,7.797336,7.797336,39.725327,39.725327,39.725327,2025-03-19,8
51.462,5.462,7.014,6.996643,7.031357,7.6110106,7.4294543,7.7925663,8.048631,7.856915,8.240346,8.048965,7.8575826,8.240348,39.842056,39.810776,39.873337,2025-03-19,8
51.461,5.463,6.9245434,6.823071,7.026016,8.129706,8.076106,8.183307,8.596858,8.540178,8.653539,8.596861,8.540181,8.653542,39.72914,39.69786,39.76042,2025-03-19,8
51.46,5.464,7.047379,7.047379,7.047379,8.421258,8.421258,8.421258,8.905164,8.905164,8.905164,8.905167,8.905167,8.905167,39.555954,39.555954,39.555954,2025-03-19,8
51.461,5.464,7.087434,7.087434,7.087434,7.938234,7.938234,7.938234,8.394384,8.394384,8.394384,8.394386,8.394386,8.394386,39.781784,39.781784,39.781784,2025-03-19,8
51.46,5.465,7.143511,7.143511,7.143511,8.3367405,8.3367405,8.3367405,8.81579,8.81579,8.81579,8.815792,8.815792,8.815792,39.491867,39.491867,39.491867,2025-03-19,8
51.459,5.466,7.0700765,7.031357,7.108796,7.8251605,7.802092,7.8482294,8.274814,8.250419,8.299208,8.274816,8.250421,8.29921,39.457535,39.259933,39.655136,2025-03-19,8
51.455,5.467,7.203593,7.143511,7.263675,7.5125623,7.3599305,7.6651936,7.944252,7.78285,8.105654,7.9442544,7.7828517,8.105657,40.187683,40.071716,40.30365,2025-03-19,8
51.456,5.467,7.102566,7.052719,7.159533,7.1961184,7.0762286,7.4106464,7.6096244,7.482846,7.83648,7.6096263,7.4828477,7.836482,39.82654,39.626144,39.937424,2025-03-19,8
51.457,5.467,6.961928,6.807049,7.116807,8.030523,7.901679,8.1593685,8.491977,8.355728,8.628225,8.49198,8.355731,8.628228,39.40413,39.30876,39.499496,2025-03-19,8
51.458,5.467,7.032692,6.905851,7.159533,7.71176,7.673585,7.749935,8.154897,8.114528,8.195265,8.154899,8.11453,8.195267,39.510178,39.507126,39.51323,2025-03-19,8
51.454,5.468,7.186236,7.095445,7.277027,8.07099,7.8506026,8.291376,8.534767,8.301717,8.767818,8.53477,8.30172,8.76782,39.95192,39.92369,39.98015,2025-03-19,8
51.457,5.468,7.143511,7.143511,7.143511,7.972313,7.972313,7.972313,8.430421,8.430421,8.430421,8.430424,8.430424,8.430424,39.2874,39.2874,39.2874,2025-03-19,8
51.454,5.469,7.012664,7.012664,7.012664,8.09602,8.09602,8.09602,8.561235,8.561235,8.561235,8.561238,8.561238,8.561238,39.76805,39.76805,39.76805,2025-03-19,8
51.454,5.47,6.956588,6.956588,6.956588,8.020864,8.020864,8.020864,8.481761,8.481761,8.481761,8.481764,8.481764,8.481764,39.69023,39.69023,39.69023,2025-03-19,8
51.453,5.471,6.913862,6.913862,6.913862,7.3394575,7.3394575,7.3394575,7.7612004,7.7612004,7.7612004,7.7612023,7.7612023,7.7612023,39.31639,39.31639,39.31639,2025-03-19,8
51.454,5.471,6.9485765,6.857785,7.004654,7.7223988,7.7080693,7.7295785,8.166146,8.150993,8.1737385,8.166149,8.150996,8.17374,39.32504,39.23094,39.499496,2025-03-19,8
51.451,5.472,6.668192,6.668192,6.668192,8.12855,8.12855,8.12855,8.595635,8.595635,8.595635,8.595638,8.595638,8.595638,39.22484,39.22484,39.22484,2025-03-19,8
51.452,5.472,6.8965054,6.836423,6.956588,7.431879,7.0859857,7.777772,7.858933,7.4931636,8.224702,7.858935,7.4931655,8.224704,39.025703,38.884552,39.166855,2025-03-19,8
51.453,5.472,6.996643,6.996643,6.996643,7.1362166,7.1362166,7.1362166,7.546281,7.546281,7.546281,7.546283,7.546283,7.546283,38.750275,38.750275,38.750275,2025-03-19,8
51.45,5.473,7.116807,7.116807,7.116807,7.1989956,7.1989956,7.1989956,7.612667,7.612667,7.612667,7.6126695,7.6126695,7.6126695,38.680084,38.680084,38.680084,2025-03-19,8
51.451,5.473,6.940566,6.940566,6.940566,7.7616053,7.7616053,7.7616053,8.207605,8.207605,8.207605,8.207608,8.207608,8.207608,38.991364,38.991364,38.991364,2025-03-19,8
51.449,5.474,6.97528,6.97528,6.97528,7.205481,7.205481,7.205481,7.6195307,7.6195307,7.6195307,7.619541,7.619541,7.619541,38.391693,38.391693,38.391693,2025-03-19,8
51.45,5.474,7.068741,7.068741,7.068741,6.894779,6.894779,6.894779,7.2909694,7.2909694,7.2909694,7.2909718,7.2909718,7.2909718,38.65262,38.65262,38.65262,2025-03-19,8
51.447,5.475,7.199588,7.199588,7.199588,6.8186126,6.8186126,6.8186126,7.2104263,7.2104263,7.2104263,7.2104287,7.2104287,7.2104287,37.747757,37.747757,37.747757,2025-03-19,8
51.448,5.475,7.2436476,7.215609,7.271686,7.1516566,7.07759,7.225723,7.5655913,7.4896665,7.641516,7.569241,7.496243,7.642239,38.256653,38.20706,38.306244,2025-03-19,8
51.449,5.475,7.082093,7.082093,7.082093,7.0372653,7.0372653,7.0372653,7.441704,7.441704,7.441704,7.44178,7.44178,7.44178,38.539703,38.539703,38.539703,2025-03-19,8
51.469,5.401,8.793774,8.727016,8.860532,6.793537,6.758255,6.8288198,7.185328,7.1491613,7.221495,7.1870627,7.1522913,7.221834,39.803146,39.613937,39.992355,2025-03-19,9
51.469,5.402,8.68429,8.68429,8.68429,6.459459,6.459459,6.459459,6.833965,6.833965,6.833965,6.8380356,6.8380356,6.8380356,39.68718,39.68718,39.68718,2025-03-19,9
51.468,5.403,8.788433,8.788433,8.788433,6.161154,6.161154,6.161154,6.5161376,6.5161376,6.5161376,6.517303,6.517303,6.517303,39.65056,39.65056,39.65056,2025-03-19,9
51.468,5.404,8.705653,8.705653,8.705653,6.0995994,6.0995994,6.0995994,6.4602237,6.4602237,6.4602237,6.472596,6.472596,6.472596,39.395737,39.395737,39.395737,2025-03-19,9
51.468,5.405,8.697642,8.564126,8.831158,5.5944624,5.3877554,5.8011694,5.9316783,5.7126546,6.150702,5.950913,5.731355,6.170471,39.970238,39.832138,40.108337,2025-03-19,9
51.468,5.406,8.873884,8.873884,8.873884,5.3806934,5.3806934,5.3806934,5.7054033,5.7054033,5.7054033,5.724365,5.724365,5.724365,39.737534,39.737534,39.737534,2025-03-19,9
51.468,5.407,8.824483,8.796444,8.852521,6.0568132,5.9530787,6.1605477,6.419308,6.312015,6.526602,6.4369674,6.3326077,6.5413275,39.73448,39.49034,39.978622,2025-03-19,9
51.469,5.407,8.828487,8.825818,8.831158,6.1350975,6.1264677,6.143728,6.5034976,6.4897532,6.5172424,6.522874,6.5034876,6.5422597,39.028755,38.908966,39.148544,2025-03-19,9
51.47,5.407,8.748378,8.748378,8.748378,6.639315,6.639315,6.639315,7.0333714,7.0333714,7.0333714,7.0486975,7.0486975,7.0486975,38.290985,38.290985,38.290985,2025-03-19,9
51.47,5.408,8.692301,8.692301,8.692301,6.0162535,6.0162535,6.0162535,6.3631783,6.3631783,6.3631783,6.364669,6.364669,6.364669,37.933914,37.933914,37.933914,2025-03-19,9
51.471,5.409,8.6429,8.60151,8.68429,6.1619906,5.9385567,6.3854246,6.5161424,6.279926,6.7523584,6.51623,6.2800837,6.752376,37.94536,37.941544,37.949173,2025-03-19,9
51.471,5.41,8.628213,8.628213,8.628213,7.08102,7.08102,7.08102,7.487912,7.487912,7.487912,7.4879146,7.4879146,7.4879146,37.43953,37.43953,37.43953,2025-03-19,9
51.472,5.411,8.729686,8.727016,8.732356,7.695165,7.6361537,7.754176,8.137347,8.074945,8.199749,8.137349,8.074947,8.199752,37.89425,37.752335,38.036163,2025-03-19,9
51.472,5.412,8.839169,8.839169,8.839169,7.8154354,7.8154354,7.8154354,8.264528,8.264528,8.264528,8.264531,8.264531,8.264531,38.0148,38.0148,38.0148,2025-03-19,9
51.473,5.413,8.755054,8.692301,8.817807,8.4652605,8.373903,8.556618,8.9516945,8.855088,9.048302,8.951697,8.855091,9.048305,38.246735,38.12314,38.37033,2025-03-19,9
51.474,5.414,8.713664,8.713664,8.713664,8.835581,8.835581,8.835581,9.358044,9.358044,9.358044,9.376063,9.376063,9.376063,37.985794,37.985794,37.985794,2025-03-19,9
51.474,5.415,8.832494,8.783093,8.881895,8.775545,8.454812,9.096279,9.341854,9.010582,9.673126,9.417639,9.096004,9.739274,38.080414,38.043793,38.117035,2025-03-19,9
51.475,5.416,8.895246,8.895246,8.895246,7.9630547,7.9630547,7.9630547,8.474242,8.474242,8.474242,8.539723,8.539723,8.539723,37.993423,37.993423,37.993423,2025-03-19,9
51.475,5.417,8.9045925,8.865873,8.943312,6.548118,6.3905325,6.7057033,6.9543715,6.7953835,7.1133595,6.9909964,6.841354,7.1406393,37.836266,37.65773,38.0148,2025-03-19,9
51.476,5.418,8.972686,8.972686,8.972686,6.1907043,6.1907043,6.1907043,6.5946827,6.5946827,6.5946827,6.653612,6.653612,6.653612,37.599747,37.599747,37.599747,2025-03-19,9
51.476,5.419,9.042114,9.042114,9.042114,6.0246086,6.0246086,6.0246086,6.422452,6.422452,6.422452,6.485545,6.485545,6.485545,37.74623,37.74623,37.74623,2025-03-19,9
51.476,5.42,8.956664,8.956664,8.956664,6.100165,6.100165,6.100165,6.5049505,6.5049505,6.5049505,6.571218,6.571218,6.571218,37.956802,37.956802,37.956802,2025-03-19,9
51.455,5.406,21.843672,21.843672,21.843672,9.44482,9.44482,9.44482,9.987539,9.987539,9.987539,9.987539,9.987539,9.987539,29.50026,29.50026,29.50026,2025-03-19,15
51.456,5.406,21.727512,21.723507,21.731518,9.480779,9.402712,9.5588455,10.025564,9.943011,10.108117,10.025564,9.943011,10.108117,29.31028,28.935669,29.68489,2025-03-19,15
51.454,5.407,21.830318,21.830318,21.830318,9.757837,9.757837,9.757837,10.3185425,10.3185425,10.3185425,10.3185425,10.3185425,10.3185425,29.088272,29.088272,29.088272,2025-03-19,15
51.455,5.407,21.828983,21.800945,21.857021,9.94037,9.932914,9.947825,10.511563,10.503679,10.519448,10.511563,10.503679,10.519448,28.94941,28.709839,29.18898,2025-03-19,15
51.457,5.407,21.843672,21.83566,21.851683,9.587684,9.462744,9.712624,10.138612,10.006493,10.270731,10.138612,10.006493,10.270731,29.89547,29.550613,30.240326,2025-03-19,15
51.453,5.408,21.774242,21.774242,21.774242,8.642352,8.642352,8.642352,9.13896,9.13896,9.13896,9.13896,9.13896,9.13896,28.633545,28.633545,28.633545,2025-03-19,15
51.454,5.408,21.895742,21.878386,21.9131,9.579106,9.26418,9.894033,10.129541,9.796519,10.462564,10.129541,9.796519,10.462564,29.356064,29.082169,29.62996,2025-03-19,15
51.457,5.408,21.878386,21.878386,21.878386,10.077666,10.077666,10.077666,10.65675,10.65675,10.65675,10.65675,10.65675,10.65675,29.410233,29.410233,29.410233,2025-03-19,15
51.458,5.408,21.787594,21.787594,21.787594,10.05481,10.05481,10.05481,10.63258,10.63258,10.63258,10.63258,10.63258,10.63258,30.273895,30.273895,30.273895,2025-03-19,15
51.453,5.409,21.850346,21.83566,21.865032,8.217541,8.151672,8.283409,8.689737,8.620084,8.759391,8.689737,8.620084,8.759391,28.995186,28.89447,29.095901,2025-03-19,15
51.458,5.409,21.917107,21.870375,21.963837,9.683668,9.635371,9.731966,10.240112,10.189039,10.291185,10.240112,10.189039,10.291185,29.13099,28.262756,29.999222,2025-03-19,15
51.452,5.41,21.958494,21.857021,22.059967,8.098443,7.9782257,8.218661,8.563797,8.436671,8.690922,8.563797,8.436671,8.690922,28.247498,28.155945,28.33905,2025-03-19,15
51.458,5.41,21.766232,21.766232,21.766232,10.176187,10.176187,10.176187,10.760931,10.760931,10.760931,10.760931,10.760931,10.760931,28.279541,28.279541,28.279541,2025-03-19,15
51.459,5.41,21.766232,21.766232,21.766232,10.093585,10.093585,10.093585,10.673583,10.673583,10.673583,10.673583,10.673583,10.673583,28.439758,28.439758,28.439758,2025-03-19,15
51.445,5.411,22.29095,22.262913,22.318989,7.3703127,7.355786,7.384839,7.7938256,7.7784643,7.8091874,7.7938256,7.7784643,7.8091874,27.71724,27.531845,27.902634,2025-03-19,15
51.446,5.411,22.509474,22.361715,22.6421,7.4844456,7.198812,7.646377,7.914517,7.6124706,8.085753,7.914517,7.6124706,8.085753,29.00892,28.088806,30.841522,2025-03-19,15
51.451,5.411,21.75288,21.75288,21.75288,7.5754333,7.5754333,7.5754333,8.010734,8.010734,8.010734,8.010734,8.010734,8.010734,28.641174,28.641174,28.641174,2025-03-19,15
51.452,5.411,21.92645,21.92645,21.92645,7.8866587,7.8866587,7.8866587,8.339843,8.339843,8.339843,8.339843,8.339843,8.339843,28.189514,28.189514,28.189514,2025-03-19,15
51.459,5.411,21.82676,21.814297,21.83566,9.134015,8.849764,9.6988,9.658874,9.35829,10.256113,9.658874,9.35829,10.256113,28.689497,28.355833,29.054703,2025-03-19,15
51.46,5.411,21.806286,21.731518,21.865032,8.098147,7.769697,8.648308,8.563484,8.21616,9.145258,8.563484,8.21616,9.145258,29.067923,28.633545,29.314102,2025-03-19,15
51.461,5.411,21.723507,21.723507,21.723507,7.9645596,7.9645596,7.9645596,8.42222,8.42222,8.42222,8.42222,8.42222,8.42222,29.457535,29.457535,29.457535,2025-03-19,15
51.445,5.412,22.369726,22.369726,22.369726,7.1441517,7.1441517,7.1441517,7.5546694,7.5546694,7.5546694,7.5546694,7.5546694,7.5546694,27.885847,27.885847,27.885847,2025-03-19,15
51.446,5.412,22.331005,22.24422,22.417791,7.584351,7.4902344,7.6784678,8.020164,7.9206386,8.119688,8.020164,7.9206386,8.119688,27.97435,27.962143,27.986557,2025-03-19,15
51.45,5.412,21.878386,21.878386,21.878386,7.838781,7.838781,7.838781,8.289213,8.289213,8.289213,8.289213,8.289213,8.289213,29.520096,29.520096,29.520096,2025-03-19,15
51.451,5.412,21.899746,21.857021,21.942472,6.9099183,6.7232246,7.0966125,7.306977,7.1095552,7.5043983,7.306977,7.1095552,7.5043983,28.840302,28.812073,28.86853,2025-03-19,15
51.461,5.412,21.735523,21.67544,21.795605,8.076692,8.061581,8.091803,8.540795,8.5248165,8.556774,8.540795,8.5248165,8.556774,29.613182,29.095901,30.130463,2025-03-19,15
51.445,5.413,22.046616,22.046616,22.046616,7.971778,7.971778,7.971778,8.429853,8.429853,8.429853,8.429853,8.429853,8.429853,28.189514,28.189514,28.189514,2025-03-19,15
51.446,5.413,22.133402,22.116043,22.150759,7.7933693,7.621957,7.9647813,8.241193,8.059931,8.422454,8.241193,8.059931,8.422454,28.677795,28.593872,28.761719,2025-03-19,15
51.45,5.413,21.938469,21.92111,21.955826,8.980983,8.749197,9.2127695,9.497049,9.251945,9.742154,9.497049,9.251945,9.742154,29.427017,29.29274,29.561295,2025-03-19,15
51.461,5.413,21.779583,21.779583,21.779583,8.378609,8.305383,8.451834,8.86006,8.782627,8.937493,8.86006,8.782627,8.937493,29.070717,28.760193,29.38124,2025-03-19,15
51.446,5.414,22.051067,21.963837,22.150759,7.3215666,7.04713,7.491305,7.742279,7.4520726,7.921771,7.742279,7.4520726,7.921771,28.394491,28.096436,28.560303,2025-03-19,15
51.447,5.414,22.06798,22.011902,22.124056,9.62949,9.474785,9.784195,10.18282,10.019226,10.3464155,10.18282,10.019226,10.3464155,29.166092,29.115738,29.216446,2025-03-19,15
51.448,5.414,21.92289,21.857021,22.019913,9.9675865,9.91995,10.02743,10.540344,10.489971,10.603627,10.540344,10.489971,10.603627,29.063852,28.778503,29.38124,2025-03-19,15
51.449,5.414,21.99499,21.99054,22.003891,9.818026,9.654159,9.982052,10.382189,10.208907,10.555641,10.382189,10.208907,10.555641,29.255606,28.72815,29.687943,2025-03-19,15
51.45,5.414,21.934462,21.934462,21.934462,9.3371725,9.3371725,9.3371725,9.873706,9.873706,9.873706,9.873706,9.873706,9.873706,29.62996,29.62996,29.62996,2025-03-19,15
51.462,5.414,21.746649,21.702143,21.83566,8.90748,8.681157,9.093736,9.419323,9.179994,9.616281,9.419323,9.179994,9.616281,29.81663,29.600967,30.096893,2025-03-19,15
51.446,5.415,21.992142,21.955826,22.075989,7.65049,7.1411915,8.213904,8.090103,7.551539,8.685892,8.090103,7.551539,8.685892,28.445251,28.273438,28.69458,2025-03-19,15
51.447,5.415,22.033264,22.033264,22.033264,9.446309,9.446309,9.446309,9.989113,9.989113,9.989113,9.989113,9.989113,9.989113,28.91278,28.91278,28.91278,2025-03-19,15
51.462,5.415,21.779583,21.779583,21.779583,9.641435,9.641435,9.641435,10.195452,10.195452,10.195452,10.195452,10.195452,10.195452,29.835953,29.835953,29.835953,2025-03-19,15
51.463,5.415,21.718164,21.718164,21.718164,9.527529,9.527529,9.527529,10.075001,10.075001,10.075001,10.075001,10.075001,10.075001,29.524673,29.524673,29.524673,2025-03-19,15
51.463,5.416,21.779583,21.779583,21.779583,9.703845,9.611382,9.796309,10.261449,10.1636715,10.359226,10.261449,10.1636715,10.359226,29.491104,29.330887,29.651321,2025-03-19,15
51.463,5.417,21.795605,21.795605,21.795605,9.693699,9.693699,9.693699,10.250719,10.250719,10.250719,10.250719,10.250719,10.250719,29.541458,29.541458,29.541458,2025-03-19,15
51.464,5.418,21.79694,21.779583,21.814297,9.786933,9.4648,10.109066,10.349311,10.008667,10.689954,10.349311,10.008667,10.689954,28.92804,28.89447,28.961609,2025-03-19,15
51.464,5.419,21.74487,21.723507,21.766232,10.747506,10.57797,10.917042,11.36508,11.1858015,11.544358,11.36508,11.1858015,11.544358,29.697098,29.591812,29.802383,2025-03-19,15
51.464,5.42,21.702143,21.702143,21.702143,11.044185,11.044185,11.044185,11.678806,11.678806,11.678806,11.678806,11.678806,11.678806,29.541458,29.541458,29.541458,2025-03-19,15
51.465,5.421,21.748875,21.68345,21.814297,10.798694,10.749873,10.847514,11.419209,11.367582,11.470835,11.419209,11.367582,11.470835,29.59639,29.47432,29.71846,2025-03-19,15
51.465,5.422,21.716831,21.710154,21.723507,10.839726,10.547121,11.132332,11.4626,11.15318,11.772019,11.4626,11.15318,11.772019,28.81437,28.599976,29.028763,2025-03-19,15
51.466,5.423,21.76623,21.718164,21.814297,10.613037,10.601141,10.624934,11.222884,11.210304,11.235465,11.222884,11.210304,11.235465,29.697098,29.44075,29.953445,2025-03-19,15
51.466,5.424,21.707483,21.696802,21.718164,10.488714,10.476628,10.5008,11.091417,11.078637,11.104198,11.091417,11.078637,11.104198,29.575027,29.524673,29.625381,2025-03-19,15
51.466,5.425,21.67544,21.67544,21.67544,10.797566,10.797566,10.797566,11.418016,11.418016,11.418016,11.418016,11.418016,11.418016,29.835953,29.835953,29.835953,2025-03-19,15
51.467,5.426,21.630045,21.619364,21.640726,10.638853,10.5815115,10.696194,11.250184,11.189548,11.31082,11.250184,11.189548,11.31082,29.499496,29.297318,29.701675,2025-03-19,15
51.467,5.427,21.646067,21.646067,21.646067,10.761746,10.761746,10.761746,11.380138,11.380138,11.380138,11.380138,11.380138,11.380138,29.15541,29.15541,29.15541,2025-03-19,15
51.467,5.428,21.738194,21.731518,21.74487,10.864325,10.754504,10.974146,11.488611,11.37248,11.604743,11.488611,11.37248,11.604743,29.259933,29.002823,29.517044,2025-03-19,15
51.467,5.429,21.710154,21.710154,21.710154,11.256422,11.256422,11.256422,11.903239,11.903239,11.903239,11.903239,11.903239,11.903239,29.44075,29.44075,29.44075,2025-03-19,15
51.467,5.43,21.780117,21.646067,21.886396,10.793648,10.307521,11.136251,11.413873,10.899813,11.776163,11.413873,10.899813,11.776163,28.916447,28.767822,29.175247,2025-03-19,15
51.468,5.431,21.887287,21.843672,21.947815,10.33125,10.120636,10.641486,10.924906,10.7021885,11.252968,10.924906,10.7021885,11.252968,28.457052,28.17273,28.62439,2025-03-19,15
51.458,5.432,20.569923,20.569923,20.569923,9.656224,9.656224,9.656224,10.211097,10.211097,10.211097,10.211105,10.211105,10.211105,33.95131,33.95131,33.95131,2025-03-19,15
51.468,5.432,21.955826,21.955826,21.955826,10.293189,10.293189,10.293189,10.884657,10.884657,10.884657,10.884657,10.884657,10.884657,28.273438,28.273438,28.273438,2025-03-19,15
51.469,5.432,22.075989,22.075989,22.075989,10.0350485,10.0350485,10.0350485,10.611683,10.611683,10.611683,10.611683,10.611683,10.611683,28.020142,28.020142,28.020142,2025-03-19,15
51.458,5.433,20.561913,20.527199,20.596626,9.997627,9.82651,10.168745,10.572114,10.391164,10.753064,10.572114,10.391164,10.753064,33.412674,32.422363,34.402985,2025-03-19,15
51.458,5.434,20.583275,20.561913,20.604637,10.055932,9.894184,10.217681,10.633769,10.462726,10.8048115,10.633769,10.462726,10.8048115,32.955666,32.855713,33.05562,2025-03-19,15
51.47,5.434,22.264248,22.201494,22.327,10.247551,10.158326,10.336776,10.836397,10.742044,10.930749,10.836397,10.742044,10.930749,28.146782,27.809555,28.484009,2025-03-19,15
51.457,5.435,20.417715,20.350958,20.484472,9.61583,9.357934,9.873727,10.168378,9.895662,10.4410925,10.168378,9.895662,10.4410925,32.96482,32.690918,33.238724,2025-03-19,15
51.47,5.435,22.516594,22.516594,22.516594,9.93214,9.93214,9.93214,10.502862,10.502862,10.502862,10.502862,10.502862,10.502862,28.41687,28.41687,28.41687,2025-03-19,15
51.457,5.436,20.288204,20.281528,20.29488,9.489828,9.479256,9.500401,10.035134,10.023955,10.046314,10.035134,10.023955,10.046314,33.550766,33.420303,33.68123,2025-03-19,15
51.457,5.437,20.169374,20.169374,20.169374,9.098261,9.098261,9.098261,9.621067,9.621067,9.621067,9.621067,9.621067,9.621067,33.89943,33.89943,33.89943,2025-03-19,15
51.456,5.438,20.12131,20.12131,20.12131,8.557522,8.557522,8.557522,9.049256,9.049256,9.049256,9.049256,9.049256,9.049256,33.264664,33.264664,33.264664,2025-03-19,15
51.457,5.438,20.198748,20.198748,20.198748,8.664525,8.664525,8.664525,9.162408,9.162408,9.162408,9.162408,9.162408,9.162408,33.542374,33.542374,33.542374,2025-03-19,15
51.455,5.439,20.078583,20.078583,20.078583,8.990305,8.990305,8.990305,9.506908,9.506908,9.506908,9.506908,9.506908,9.506908,33.516434,33.516434,33.516434,2025-03-19,15
51.456,5.439,20.099945,20.099945,20.099945,8.656528,8.656528,8.656528,9.153952,9.153952,9.153952,9.153952,9.153952,9.153952,32.465088,32.465088,32.465088,2025-03-19,15
51.455,5.44,20.04921,20.04921,20.04921,9.201497,9.201497,9.201497,9.730235,9.730235,9.730235,9.730235,9.730235,9.730235,33.6736,33.6736,33.6736,2025-03-19,15
51.454,5.441,20.198748,20.198748,20.198748,8.978408,8.978408,8.978408,9.494328,9.494328,9.494328,9.494328,9.494328,9.494328,33.04799,33.04799,33.04799,2025-03-19,15
51.455,5.441,20.182726,20.182726,20.182726,9.419728,9.419728,9.419728,9.961007,9.961007,9.961007,9.961007,9.961007,9.961007,33.25551,33.25551,33.25551,2025-03-19,15
51.454,5.442,20.148012,20.113298,20.182726,9.374773,9.3699875,9.379559,9.913468,9.908408,9.918529,9.913468,9.908408,9.918529,33.664444,33.586624,33.742264,2025-03-19,15
51.453,5.443,20.156023,20.156023,20.156023,9.810554,9.810554,9.810554,10.37429,10.37429,10.37429,10.37429,10.37429,10.37429,33.09987,33.09987,33.09987,2025-03-19,15
51.453,5.444,20.050545,20.009155,20.091934,9.390109,9.257065,9.523154,9.929686,9.788996,10.070376,9.929686,9.788996,10.070376,33.542374,33.420303,33.664444,2025-03-19,15
51.455,5.444,20.85603,20.337605,21.320286,9.283281,8.631382,9.876624,9.816721,9.12736,10.444157,9.816721,9.12736,10.444157,35.545883,33.594254,42.1149,2025-03-19,15
51.453,5.445,20.10462,19.96643,20.29488,9.029125,8.9170685,9.106773,9.547957,9.429463,9.630069,9.547957,9.429463,9.630069,33.581665,32.777893,34.802765,2025-03-19,15
51.455,5.445,21.417309,21.355001,21.50187,10.143303,9.297464,10.801692,10.726158,9.8317175,11.422378,10.726155,9.8317175,11.422375,31.886267,30.519562,33.064774,2025-03-19,15
51.454,5.446,21.38838,21.33898,21.43778,11.023398,10.965659,11.081138,11.656823,11.595766,11.71788,11.65682,11.595763,11.717877,32.24765,32.039368,32.455933,2025-03-19,15
51.455,5.446,21.403067,21.298923,21.50721,11.199699,11.00419,11.395209,11.843255,11.636512,12.049999,11.843252,11.636509,12.049995,32.017998,31.319138,32.716858,2025-03-19,15
51.455,5.447,21.206799,21.170748,21.242847,10.509422,10.274371,10.744473,11.113314,10.864756,11.361872,11.113311,10.864753,11.361868,31.453415,31.232162,31.674667,2025-03-19,15
51.456,5.447,21.144045,21.144045,21.144045,10.306138,10.306138,10.306138,10.898348,10.898348,10.898348,10.898345,10.898345,10.898345,31.700607,31.700607,31.700607,2025-03-19,15
51.456,5.448,21.154726,21.130693,21.178759,10.38699,10.0529375,10.721043,10.983846,10.630598,11.337093,10.983843,10.630595,11.3370905,31.505295,31.345078,31.665512,2025-03-19,15
51.476,5.448,23.192411,21.865032,23.632792,8.529622,5.400696,9.875941,9.058118,6.1714153,10.443435,9.104979,6.7337093,10.443438,27.226791,26.157013,29.645218,2025-03-19,15
51.456,5.449,21.03189,20.983826,21.079956,10.496328,10.481431,10.511225,11.099466,11.083714,11.115219,11.099463,11.083711,11.115216,31.013954,30.814056,31.213852,2025-03-19,15
51.457,5.45,20.89971,20.871672,20.927748,10.547196,10.541669,10.552724,11.153257,11.147413,11.159102,11.1532545,11.147409,11.1591,31.866173,31.570908,32.161438,2025-03-19,15
51.458,5.45,20.803577,20.77821,20.828945,9.890674,9.835227,9.946121,10.45901,10.400377,10.517643,10.459007,10.400374,10.51764,32.49179,32.396423,32.58716,2025-03-19,15
51.458,5.451,20.794231,20.794231,20.794231,9.9574585,9.9574585,9.9574585,10.529633,10.529633,10.529633,10.52963,10.52963,10.52963,31.874557,31.874557,31.874557,2025-03-19,15
51.459,5.451,20.663385,20.631342,20.695429,10.637409,10.147456,11.127363,11.248655,10.730548,11.766762,11.2486515,10.730545,11.766759,32.6131,32.28351,32.942688,2025-03-19,15
51.459,5.452,20.751507,20.751507,20.751507,11.217133,11.217133,11.217133,11.86169,11.86169,11.86169,11.861686,11.861686,11.861686,32.768738,32.768738,32.768738,2025-03-19,15
51.46,5.452,20.674068,20.61799,20.730145,10.490571,10.408436,10.572706,11.093378,11.006524,11.180233,11.093375,11.006521,11.18023,33.038826,32.56122,33.516434,2025-03-19,15
51.461,5.453,20.712341,20.70344,20.716791,9.709386,9.362579,10.185768,10.267305,9.900571,10.771061,10.267302,9.900568,10.771058,32.90251,32.603943,33.29976,2025-03-19,15
51.461,5.454,20.77821,20.77821,20.77821,9.703165,9.703165,9.703165,10.260727,10.260727,10.260727,10.260724,10.260724,10.260724,31.996628,31.996628,31.996628,2025-03-19,15
51.462,5.454,20.78889,20.569923,20.962461,10.293434,10.186785,10.433202,10.884913,10.772137,11.032713,10.88491,10.772134,11.03271,31.822678,31.744858,31.952377,2025-03-19,15
51.461,5.457,20.859531,20.674067,21.381704,10.479236,9.742523,10.858141,11.081392,10.302347,11.48207,11.081388,10.302342,11.482066,32.496162,31.796738,34.158844,2025-03-19,15
51.457,5.469,22.513924,22.468529,22.559319,10.215643,10.07457,10.356715,10.802655,10.653476,10.951834,10.802651,10.653472,10.95183,30.793457,29.823746,31.763168,2025-03-19,15
51.457,5.47,22.48989,22.48989,22.48989,10.278297,10.278297,10.278297,10.86891,10.86891,10.86891,10.868907,10.868907,10.868907,29.92598,29.92598,29.92598,2025-03-19,15
51.453,5.471,22.532616,22.497902,22.56733,9.767589,9.355512,10.179665,10.328855,9.893099,10.76461,10.328851,9.893096,10.764606,31.202408,30.241852,32.162964,2025-03-19,15
51.454,5.471,22.570002,22.559319,22.580683,9.121433,9.020599,9.222268,9.645571,9.538942,9.752199,9.645568,9.538939,9.752196,31.216133,30.61264,31.819626,2025-03-19,15
51.455,5.471,22.636759,22.623407,22.65011,8.950016,8.739344,9.086474,9.464303,9.241525,9.608603,9.4643,9.241522,9.6086,30.727085,30.21286,31.26268,2025-03-19,15
51.456,5.471,22.41957,22.343021,22.56733,8.741427,8.629736,8.849558,9.243728,9.125619,9.358072,9.243725,9.125616,9.358068,28.966192,28.589294,29.43312,2025-03-19,15
51.457,5.471,22.391756,22.174791,22.56733,9.712295,8.702055,10.384549,10.270383,9.202094,10.981268,10.27038,9.202091,10.981264,31.598755,29.860367,32.933533,2025-03-19,15
51.452,5.472,22.524605,22.524605,22.524605,11.005828,11.005828,11.005828,11.638247,11.638247,11.638247,11.638243,11.638243,11.638243,33.778885,33.778885,33.778885,2025-03-19,15
51.453,5.472,22.578012,22.497902,22.72221,9.832002,9.562567,10.242281,10.39697,10.112052,10.830824,10.396966,10.112049,10.83082,31.22911,28.421448,38.065155,2025-03-19,15
51.455,5.406,20.812923,20.812923,20.812923,4.7030587,4.7030587,4.7030587,4.9733067,4.9733067,4.9733067,4.9733067,4.9733067,4.9733067,31.28099,31.28099,31.28099,2025-03-19,16
51.456,5.406,20.859655,20.807583,20.911726,5.0110483,4.9855494,5.036547,5.298994,5.27203,5.325958,5.298994,5.27203,5.325958,30.764465,30.574493,30.954437,2025-03-19,16
51.454,5.407,21.133362,21.074615,21.19211,4.386684,4.25794,4.515428,4.638752,4.50261,4.774894,4.638752,4.50261,4.774894,30.083916,29.712357,30.455475,2025-03-19,16
51.455,5.407,20.911726,20.911726,20.911726,4.3707647,4.3707647,4.3707647,4.6219187,4.6219187,4.6219187,4.6219187,4.6219187,4.6219187,30.48294,30.48294,30.48294,2025-03-19,16
51.457,5.407,20.909056,20.828945,20.989166,5.376091,5.261773,5.490409,5.685013,5.564126,5.8058996,5.685013,5.564126,5.8058996,30.737007,30.22049,31.253525,2025-03-19,16
51.454,5.408,20.937096,20.85565,21.01854,5.0424943,4.938357,5.1466317,5.332247,5.2221255,5.442368,5.332247,5.2221255,5.442368,29.852745,29.64827,30.05722,2025-03-19,16
51.457,5.408,20.95445,20.95445,20.95445,5.155495,5.155495,5.155495,5.451741,5.451741,5.451741,5.451741,5.451741,5.451741,30.418854,30.418854,30.418854,2025-03-19,16
51.453,5.409,20.980263,20.9411,21.037231,4.914542,4.8372464,5.0220428,5.1969423,5.1152053,5.3106203,5.1969423,5.1152053,5.3106203,29.896484,29.42244,30.310516,2025-03-19,16
51.458,5.409,20.891699,20.885023,20.898375,5.4028797,5.3225813,5.4831777,5.7133408,5.6284285,5.798253,5.7133408,5.6284285,5.798253,30.483704,30.392914,30.574493,2025-03-19,16
51.451,5.41,20.967802,20.967802,20.967802,4.016954,4.016954,4.016954,4.247777,4.247777,4.247777,4.247777,4.247777,4.247777,30.147247,30.147247,30.147247,2025-03-19,16
51.452,5.41,20.965132,20.962461,20.967802,4.8607955,4.6429024,5.078688,5.140107,4.9096937,5.370521,5.140107,4.9096937,5.370521,29.639877,29.394974,29.88478,2025-03-19,16
51.458,5.41,20.9411,20.9411,20.9411,4.7841816,4.7841816,4.7841816,5.059091,5.059091,5.059091,5.059091,5.059091,5.059091,29.594864,29.594864,29.594864,2025-03-19,16
51.459,5.41,20.86366,20.86366,20.86366,4.7729793,4.7729793,4.7729793,5.047245,5.047245,5.047245,5.047245,5.047245,5.047245,29.820692,29.820692,29.820692,2025-03-19,16
51.451,5.411,21.017204,20.919737,21.114672,4.569485,4.373853,4.765117,4.832058,4.6251845,5.0389314,4.832058,4.6251845,5.0389314,29.816124,29.503311,30.128937,2025-03-19,16
51.452,5.411,21.093307,21.093307,21.093307,5.162056,5.162056,5.162056,5.4586787,5.4586787,5.4586787,5.4586787,5.4586787,5.4586787,30.492096,30.492096,30.492096,2025-03-19,16
51.459,5.411,21.079958,20.997177,21.205462,5.106044,5.0025935,5.1778665,5.3994484,5.290054,5.475398,5.3994484,5.290054,5.475398,30.093327,29.295792,31.163498,2025-03-19,16
51.46,5.411,21.03634,20.95445,21.10933,5.290466,5.216679,5.412228,5.5944676,5.516441,5.7232265,5.5944676,5.516441,5.7232265,31.148233,30.337982,32.42389,2025-03-19,16
51.461,5.411,20.94644,20.94644,20.94644,5.2802305,5.2802305,5.2802305,5.583644,5.583644,5.583644,5.583644,5.583644,5.583644,30.492096,30.492096,30.492096,2025-03-19,16
51.461,5.412,21.055033,20.95445,21.144045,4.8302364,4.4598126,5.053383,5.1077924,4.716083,5.3437614,5.1077924,4.716083,5.3437614,30.652826,30.229645,31.172653,2025-03-19,16
51.461,5.413,20.939766,20.869001,21.010529,4.301726,4.1327033,4.470748,4.548912,4.3701773,4.727647,4.548912,4.3701773,4.727647,31.018532,30.873566,31.163498,2025-03-19,16
51.462,5.414,20.982489,20.967802,20.997177,4.464776,4.379706,4.5498457,4.7213316,4.6313734,4.81129,4.7213316,4.6313734,4.81129,30.931557,30.6279,31.235214,2025-03-19,16
51.462,5.415,21.006523,20.981155,21.03189,4.5479302,4.5469155,4.5489454,4.8092647,4.8081913,4.810338,4.8092647,4.8081913,4.810338,31.181038,30.64621,31.715866,2025-03-19,16
51.463,5.416,20.94377,20.850307,21.037231,4.4181957,4.3631043,4.4732876,4.6720753,4.6138177,4.7303324,4.6720753,4.6138177,4.7303324,31.000221,30.954437,31.046005,2025-03-19,16
51.463,5.417,21.045242,21.045242,21.045242,4.2357836,4.2357836,4.2357836,4.479181,4.479181,4.479181,4.479181,4.479181,4.479181,30.609589,30.609589,30.609589,2025-03-19,16
51.464,5.417,20.834288,20.834288,20.834288,4.4723134,4.4723134,4.4723134,4.729302,4.729302,4.729302,4.729302,4.729302,4.729302,30.22049,30.22049,30.22049,2025-03-19,16
51.464,5.418,20.975815,20.975815,20.975815,4.5995593,4.5995593,4.5995593,4.86386,4.86386,4.86386,4.86386,4.86386,4.86386,30.492096,30.492096,30.492096,2025-03-19,16
51.464,5.419,20.8443,20.77287,20.911726,4.5727534,4.054367,4.8701835,4.8355136,4.2873397,5.150035,4.8355136,4.2873397,5.150035,30.63744,30.22049,31.009384,2025-03-19,16
51.464,5.42,20.925077,20.925077,20.925077,3.9826624,3.9826624,3.9826624,4.211515,4.211515,4.211515,4.211515,4.211515,4.211515,32.26062,32.26062,32.26062,2025-03-19,16
51.465,5.42,20.842299,20.842299,20.842299,4.358781,4.358781,4.358781,4.609246,4.609246,4.609246,4.609246,4.609246,4.609246,31.209274,31.209274,31.209274,2025-03-19,16
51.465,5.421,20.660715,20.660715,20.660715,4.6441193,4.6441193,4.6441193,4.9109807,4.9109807,4.9109807,4.9109807,4.9109807,4.9109807,30.891876,30.891876,30.891876,2025-03-19,16
51.465,5.422,20.76931,20.738155,20.812923,5.977306,5.5249357,6.3494835,6.320775,5.8424106,6.7143383,6.320775,5.8424106,6.7143383,30.53482,30.374603,30.855255,2025-03-19,16
51.466,5.423,20.779545,20.751507,20.807583,6.1245008,6.0645084,6.184493,6.4764276,6.412988,6.5398674,6.4764276,6.412988,6.5398674,30.62333,30.10147,31.145187,2025-03-19,16
51.466,5.424,20.885023,20.885023,20.885023,5.347864,5.347864,5.347864,5.6551642,5.6551642,5.6551642,5.6551642,5.6551642,5.6551642,31.163498,31.163498,31.163498,2025-03-19,16
51.466,5.425,20.70878,20.70878,20.70878,4.3102717,4.3102717,4.3102717,4.557949,4.557949,4.557949,4.557949,4.557949,4.557949,31.998154,31.998154,31.998154,2025-03-19,16
51.467,5.425,20.70077,20.70077,20.70077,4.133344,4.133344,4.133344,4.3708553,4.3708553,4.3708553,4.3708553,4.3708553,4.3708553,30.981903,30.981903,30.981903,2025-03-19,16
51.467,5.426,20.722134,20.722134,20.722134,3.9525106,3.9525106,3.9525106,4.1796303,4.1796303,4.1796303,4.1796303,4.1796303,4.1796303,32.42389,32.42389,32.42389,2025-03-19,16
51.467,5.427,20.78622,20.78622,20.78622,4.6505494,4.6505494,4.6505494,4.9177804,4.9177804,4.9177804,4.9177804,4.9177804,4.9177804,31.634995,31.634995,31.634995,2025-03-19,16
51.467,5.428,20.755512,20.738155,20.77287,4.9769754,4.8846326,5.0693183,5.2629633,5.165314,5.3606124,5.2629633,5.165314,5.3606124,31.339737,31.271835,31.407639,2025-03-19,16
51.467,5.429,20.898375,20.898375,20.898375,4.685661,4.685661,4.685661,4.9549093,4.9549093,4.9549093,4.9549093,4.9549093,4.9549093,30.128937,30.128937,30.128937,2025-03-19,16
51.467,5.43,21.059664,20.9411,21.226826,4.240255,3.865199,4.4545436,4.483909,4.0873017,4.710511,4.483909,4.0873017,4.710511,30.267178,29.576553,30.64621,2025-03-19,16
51.468,5.43,21.298923,21.298923,21.298923,4.124238,4.124238,4.124238,4.361226,4.361226,4.361226,4.361226,4.361226,4.361226,29.86647,29.86647,29.86647,2025-03-19,16
51.468,5.431,21.284237,21.277561,21.290913,4.3975596,4.2922087,4.502911,4.6502533,4.5388484,4.761658,4.6502533,4.5388484,4.761658,29.394966,28.877686,29.912247,2025-03-19,16
51.468,5.432,21.19211,21.19211,21.19211,4.1707487,4.1707487,4.1707487,4.410409,4.410409,4.410409,4.410409,4.410409,4.410409,29.875626,29.875626,29.875626,2025-03-19,16
51.469,5.432,21.290913,21.290913,21.290913,4.060541,4.060541,4.060541,4.293869,4.293869,4.293869,4.293869,4.293869,4.293869,29.449905,29.449905,29.449905,2025-03-19,16
51.469,5.433,21.317616,21.317616,21.317616,3.863035,3.863035,3.863035,4.0850134,4.0850134,4.0850134,4.0850134,4.0850134,4.0850134,29.620804,29.620804,29.620804,2025-03-19,16
51.47,5.434,21.181429,21.136034,21.226826,3.836297,3.817402,3.8551924,4.0567393,4.0367584,4.07672,4.0567393,4.0367584,4.07672,29.21797,29.14015,29.295792,2025-03-19,16
51.47,5.435,21.19211,21.19211,21.19211,4.149373,4.149373,4.149373,4.387805,4.387805,4.387805,4.387805,4.387805,4.387805,29.721512,29.721512,29.721512,2025-03-19,16
51.471,5.435,21.136034,21.136034,21.136034,4.362029,4.362029,4.362029,4.612681,4.612681,4.612681,4.612681,4.612681,4.612681,28.714417,28.714417,28.714417,2025-03-19,16
51.471,5.436,21.242847,21.242847,21.242847,4.328482,4.328482,4.328482,4.577206,4.577206,4.577206,4.577206,4.577206,4.577206,29.132523,29.132523,29.132523,2025-03-19,16
51.471,5.437,21.18677,21.18677,21.18677,3.905373,3.905373,3.905373,4.1297846,4.1297846,4.1297846,4.1297846,4.1297846,4.1297846,29.44075,29.44075,29.44075,2025-03-19,16
51.472,5.437,21.178759,21.178759,21.178759,4.0317717,4.0317717,4.0317717,4.263446,4.263446,4.263446,4.263446,4.263446,4.263446,29.394974,29.394974,29.394974,2025-03-19,16
51.472,5.438,21.254864,21.248186,21.26154,3.8415275,3.7013173,3.9817379,4.06227,3.9140031,4.2105374,4.06227,3.9140031,4.2105374,29.08216,28.86853,29.295792,2025-03-19,16
51.473,5.439,21.226826,21.226826,21.226826,3.5155513,3.5155513,3.5155513,3.7175627,3.7175627,3.7175627,3.7175627,3.7175627,3.7175627,29.394974,29.394974,29.394974,2025-03-19,16
51.473,5.44,21.206797,21.200123,21.213472,4.0252905,3.9839916,4.0665894,4.2565928,4.2129207,4.3002644,4.2565928,4.2129207,4.3002644,29.426254,29.167618,29.68489,2025-03-19,16
51.473,5.441,21.364347,21.33898,21.389715,3.65131,3.4730134,3.8296068,3.8611224,3.6725802,4.0496645,3.8611224,3.6725802,4.0496645,28.88227,28.723572,29.04097,2025-03-19,16
51.474,5.442,21.315691,20.981155,21.627375,4.5611434,3.5391355,6.040594,4.8232365,3.7425017,6.3877,4.8232365,3.7425017,6.3877,28.818434,27.508957,29.893936,2025-03-19,16
51.474,5.443,20.866331,20.807583,20.925077,4.7294016,4.5234056,4.9353976,5.0011635,4.7833304,5.2189965,5.0011635,4.7833304,5.2189965,29.439987,29.330887,29.549088,2025-03-19,16
51.475,5.444,20.862326,20.85565,20.869001,4.371004,4.3637156,4.3782926,4.622172,4.6144643,4.629879,4.622172,4.6144643,4.629879,29.372086,29.312576,29.431595,2025-03-19,16
51.475,5.445,21.047913,20.85565,21.240177,4.3456345,4.21761,4.4736586,4.595343,4.459963,4.7307234,4.5953426,4.459963,4.730722,29.130234,29.095901,29.164566,2025-03-19,16
51.476,5.445,18.010412,17.982374,18.038452,4.074333,3.8272254,4.3214407,4.3084526,4.0471454,4.5697594,4.3084526,4.0471454,4.5697594,36.474396,36.16693,36.78186,2025-03-19,16
51.475,5.446,19.23209,18.18532,21.9131,4.180893,3.4695988,5.5419126,4.4211345,3.6689687,5.860363,4.421134,3.6689687,5.860361,33.603104,28.66101,36.25238,2025-03-19,16
51.476,5.446,21.25925,18.212025,21.905088,5.356645,4.009196,5.822528,5.6644497,4.239572,6.157103,5.6644483,4.239572,6.1571007,30.153345,28.59082,37.16945,2025-03-19,16
51.474,5.447,19.64065,18.487066,21.878386,4.6029716,4.039976,5.509312,4.8674674,4.272121,5.825889,4.867467,4.272121,5.825887,33.367916,28.781555,36.04944,2025-03-19,16
51.475,5.447,20.7791,18.34554,22.017242,4.8823266,4.087161,5.3646865,5.162875,4.322017,5.6729527,5.162874,4.322017,5.672951,31.22555,29.069962,35.1873,2025-03-19,16
51.476,5.447,21.654078,21.549934,21.75822,5.227166,4.8952394,5.8257327,5.5275297,5.176529,6.160492,5.527528,5.176527,6.16049,28.83548,28.387878,29.10353,2025-03-19,16
51.47,5.448,21.87438,21.814297,21.934462,4.271846,4.217084,4.3266077,4.5173154,4.4594064,4.575224,4.5173135,4.459405,4.575222,28.93415,28.863953,29.004349,2025-03-19,16
51.473,5.448,19.661121,18.556496,21.800945,4.30276,3.7174969,5.1315794,4.5500054,3.9311113,5.4264507,4.550005,3.9311113,5.426449,33.12021,28.851746,35.382614,2025-03-19,16
51.474,5.448,21.792934,21.792934,21.792934,5.087343,5.087343,5.087343,5.379673,5.379673,5.379673,5.379671,5.379671,5.379671,28.46112,28.46112,28.46112,2025-03-19,16
51.476,5.448,24.336088,21.058594,25.782406,4.3147125,3.2523983,5.7285757,4.5744348,3.4392886,6.152065,4.5888324,3.4392886,6.267252,28.426212,23.57518,33.83229,2025-03-19,16
51.468,5.449,21.922445,21.84901,21.99588,3.8459175,3.7689044,3.9229305,4.066912,3.9854739,4.1483502,4.0669107,3.9854724,4.148349,29.093605,28.863953,29.323257,2025-03-19,16
51.469,5.449,21.889957,21.843672,21.92645,3.9557633,3.884347,4.0307975,4.1830697,4.1075497,4.2624154,4.1830688,4.1075487,4.262414,28.678818,28.400085,29.152359,2025-03-19,16
51.471,5.449,21.841002,21.779583,21.955826,4.4093084,4.146436,4.6182528,4.6626763,4.384699,4.883627,4.6626744,4.3846974,4.8836255,28.841574,28.645752,28.963135,2025-03-19,16
51.472,5.449,20.202753,18.564507,21.84901,4.262267,3.6677296,4.965316,4.5071855,3.8784842,5.2506337,4.507185,3.8784842,5.250632,31.70938,28.758665,34.636444,2025-03-19,16
51.473,5.449,20.200083,18.543144,21.857021,4.361341,3.6755466,5.047135,4.6119523,3.8867507,5.337154,4.6119514,3.8867507,5.337152,31.847092,28.995178,34.699005,2025-03-19,16
51.476,5.449,23.42751,21.317616,24.666208,4.813994,3.9463987,5.802913,5.125549,4.173168,6.214402,5.1682124,4.173168,6.309716,27.57915,24.626526,31.560226,2025-03-19,16
51.468,5.45,21.878386,21.878386,21.878386,4.1370916,4.1370916,4.1370916,4.374818,4.374818,4.374818,4.3748164,4.3748164,4.3748164,29.080643,29.080643,29.080643,2025-03-19,16
51.471,5.45,18.625925,18.625925,18.625925,3.649436,3.649436,3.649436,3.8591397,3.8591397,3.8591397,3.8591397,3.8591397,3.8591397,34.90805,34.90805,34.90805,2025-03-19,16
51.467,5.451,21.883726,21.883726,21.883726,8.643235,8.643235,8.643235,9.1398945,9.1398945,9.1398945,9.139892,9.139892,9.139892,29.60402,29.60402,29.60402,2025-03-19,16
51.468,5.451,21.873045,21.862364,21.883726,5.2009816,3.7728653,6.6290975,5.4998407,3.9896622,7.0100193,5.499839,3.9896607,7.010017,30.452423,29.706253,31.198593,2025-03-19,16
51.472,5.451,18.850231,18.850231,18.850231,3.5023875,3.5023875,3.5023875,3.7036414,3.7036414,3.7036414,3.7036414,3.7036414,3.7036414,34.97061,34.97061,34.97061,2025-03-19,16
51.466,5.452,21.870375,21.870375,21.870375,10.813214,10.813214,10.813214,11.434565,11.434565,11.434565,11.434561,11.434561,11.434561,29.999222,29.999222,29.999222,2025-03-19,16
51.467,5.452,21.822308,21.822308,21.822308,10.073452,10.073452,10.073452,10.652294,10.652294,10.652294,10.65229,10.65229,10.65229,29.886307,29.886307,29.886307,2025-03-19,16
51.472,5.452,18.871593,18.823528,18.91966,3.471892,3.2743115,3.6694727,3.6713936,3.4624598,3.8803277,3.6713936,3.4624598,3.8803277,34.63645,34.224457,35.048447,2025-03-19,16
51.465,5.453,22.022049,21.857021,22.305637,8.543542,3.227497,12.259406,9.034472,3.4129565,12.963858,9.034469,3.4129565,12.963854,28.653992,25.93422,30.59433,2025-03-19,16
51.466,5.453,22.178799,21.870375,22.48722,7.5502152,3.560036,11.540395,7.984067,3.7646039,12.20353,7.984065,3.7646039,12.2035265,27.743942,25.590897,29.896988,2025-03-19,16
51.467,5.453,22.684824,22.684824,22.684824,3.9578817,3.9578817,3.9578817,4.185311,4.185311,4.185311,4.185311,4.185311,4.185311,25.687025,25.687025,25.687025,2025-03-19,16
51.471,5.453,18.970398,18.970398,18.970398,3.6391842,3.6391842,3.6391842,3.848299,3.848299,3.848299,3.848299,3.848299,3.848299,34.287018,34.287018,34.287018,2025-03-19,16
51.472,5.453,18.949034,18.949034,18.949034,3.8529649,3.8529649,3.8529649,4.0743637,4.0743637,4.0743637,4.0743637,4.0743637,4.0743637,34.636444,34.636444,34.636444,2025-03-19,16
51.464,5.454,22.100912,21.766232,22.318989,5.9336743,2.8155854,11.903096,6.274636,2.9773755,12.587072,6.2746344,2.9773755,12.587069,27.833721,26.233307,30.563812,2025-03-19,16
51.465,5.454,22.28828,22.249561,22.327,3.5214968,3.2956412,3.7473526,3.7238503,3.4850163,3.9626842,3.7238503,3.4850163,3.9626842,25.638199,25.395584,25.880814,2025-03-19,16
51.466,5.454,22.34213,22.327,22.367056,3.8149998,3.6002605,4.0547585,4.034219,3.8071399,4.2877545,4.034219,3.8071399,4.2877545,25.57869,25.096512,25.97847,2025-03-19,16
51.467,5.454,22.780066,22.663462,22.957197,3.8146245,3.5620415,4.2051554,4.0338216,3.7667248,4.4467936,4.0338216,3.7667248,4.4467936,25.041065,24.823364,25.149918,2025-03-19,16
51.47,5.454,18.979744,18.975739,18.98375,4.074462,4.006241,4.1426835,4.3085885,4.2364473,4.38073,4.3085885,4.2364473,4.38073,35.040047,34.636444,35.44365,2025-03-19,16
51.471,5.454,18.91966,18.91966,18.91966,3.7967553,3.7967553,3.7967553,4.0149245,4.0149245,4.0149245,4.0149245,4.0149245,4.0149245,34.302277,34.302277,34.302277,2025-03-19,16
51.462,5.455,23.576134,21.667429,24.380484,4.6237154,1.3462946,11.995568,5.253822,1.4236554,12.684859,5.698908,1.4236548,13.272111,29.88787,28.522156,36.453796,2025-03-19,16
51.463,5.455,22.146389,21.541924,22.837032,4.999643,2.8708086,10.652774,5.2869325,3.0357718,11.264904,5.286932,3.0357718,11.264901,28.356525,26.207367,30.922394,2025-03-19,16
51.467,5.455,23.221561,23.104067,23.30701,2.7031777,2.5103965,3.037373,2.8585086,2.6546497,3.2119076,2.8585086,2.6546497,3.2119076,29.542225,25.757217,32.036316,2025-03-19,16
51.468,5.455,22.813,22.676813,22.949186,3.2952802,2.9703395,3.6202207,3.4846344,3.1410222,3.8282468,3.4846344,3.1410222,3.8282468,27.830162,26.401154,29.25917,2025-03-19,16
51.469,5.455,19.029144,19.018463,19.039825,4.051768,4.048213,4.0553226,4.2845902,4.2808313,4.288349,4.2845902,4.2808313,4.288349,36.474396,35.800705,37.148087,2025-03-19,16
51.476,5.455,21.917103,20.850307,22.9839,10.501043,9.614937,11.38715,11.10446,10.1674385,12.041482,11.10446,10.1674385,12.041482,31.227585,28.23529,34.21988,2025-03-19,16
51.462,5.456,22.069315,21.99588,22.142748,10.182093,9.80112,10.563066,10.767177,10.364313,11.170041,10.767174,10.364309,11.170038,30.61569,30.487518,30.743864,2025-03-19,16
51.467,5.456,18.98375,18.98375,18.98375,3.8720455,3.8720455,3.8720455,4.0945406,4.0945406,4.0945406,4.0945406,4.0945406,4.0945406,33.852127,33.852127,33.852127,2025-03-19,16
51.468,5.456,21.220951,19.013123,22.746243,4.219951,3.937723,4.494767,4.4624386,4.163992,4.753047,4.4624386,4.163992,4.753047,29.59547,25.90828,34.97824,2025-03-19,16
51.475,5.456,21.99321,21.058594,22.927824,11.819324,11.535939,12.102709,12.498493,12.198828,12.798159,12.498493,12.198828,12.798159,31.308456,29.390396,33.226517,2025-03-19,16
51.476,5.456,22.520866,20.967802,22.935835,11.680282,11.04592,12.518428,12.351459,11.680651,13.237765,12.351459,11.680651,13.237765,29.340347,27.698166,34.06729,2025-03-19,16
51.46,5.457,21.99054,21.99054,21.99054,12.150771,12.150771,12.150771,12.848981,12.848981,12.848981,12.848976,12.848976,12.848976,31.822678,31.822678,31.822678,2025-03-19,16
51.461,5.457,21.975853,21.955826,21.99588,10.172919,9.551783,10.794055,10.757477,10.100649,11.414304,10.757472,10.100645,11.4143,30.954445,30.867462,31.041428,2025-03-19,16
51.466,5.457,19.103912,19.103912,19.103912,3.8325534,3.8325534,3.8325534,4.052779,4.052779,4.052779,4.052779,4.052779,4.052779,34.706635,34.706635,34.706635,2025-03-19,16
51.467,5.457,19.130617,19.130617,19.130617,3.7773242,3.7773242,3.7773242,3.9943764,3.9943764,3.9943764,3.9943764,3.9943764,3.9943764,34.287018,34.287018,34.287018,2025-03-19,16
51.468,5.457,22.732891,22.724878,22.740902,5.6055903,4.696239,6.767807,5.9277,4.9660954,7.156701,5.9277,4.9660954,7.156701,25.810629,25.633621,26.092926,2025-03-19,16
51.474,5.457,21.75288,20.561913,22.943846,12.163482,11.637941,12.689023,12.862428,12.3066845,13.41817,12.862428,12.3066845,13.41817,31.523605,28.23529,34.81192,2025-03-19,16
51.475,5.457,22.371729,20.722134,23.005264,11.56939,10.973276,12.432418,12.234196,11.603826,13.14682,12.234196,11.603826,13.14682,29.727997,27.882797,33.789566,2025-03-19,16
51.459,5.458,21.891737,21.891737,21.891737,13.171112,13.171112,13.171112,13.927952,13.927952,13.927952,13.927947,13.927947,13.927947,31.052109,31.052109,31.052109,2025-03-19,16
51.46,5.458,21.881054,21.857021,21.905088,12.909671,12.711403,13.107938,13.651487,13.441828,13.861147,13.651483,13.441823,13.861143,31.290146,31.137556,31.442734,2025-03-19,16
51.465,5.458,19.08789,19.08789,19.08789,3.2299645,3.2299645,3.2299645,3.4155645,3.4155645,3.4155645,3.4155645,3.4155645,3.4155645,35.078964,35.078964,35.078964,2025-03-19,16
51.466,5.458,19.117266,19.117266,19.117266,3.6212394,3.6212394,3.6212394,3.8293228,3.8293228,3.8293228,3.8293228,3.8293228,3.8293228,34.83786,34.83786,34.83786,2025-03-19,16
51.468,5.458,22.775616,22.775616,22.775616,8.19481,8.19481,8.19481,8.665702,8.665702,8.665702,8.665702,8.665702,8.665702,26.692596,26.692596,26.692596,2025-03-19,16
51.469,5.458,22.907797,22.845043,22.97055,10.051107,9.662116,10.440098,10.628667,10.217324,11.0400095,10.628667,10.217324,11.0400095,27.080177,26.886383,27.273972,2025-03-19,16
51.474,5.458,21.847229,20.420385,23.034637,12.629796,11.5516205,13.36913,13.3555355,12.215403,14.137351,13.3555355,12.215403,14.137351,31.592104,27.698166,35.14305,2025-03-19,16
51.458,5.459,22.02058,21.974518,22.094683,7.9362264,6.7629404,9.56991,8.392259,7.1515536,10.119818,8.392256,7.1515512,10.119814,29.490726,29.0486,30.374603,2025-03-19,16
51.459,5.459,22.138475,21.905088,22.353704,8.489995,5.5264435,12.728795,8.977848,5.8440046,13.460218,8.977845,5.8440027,13.460215,31.577929,29.202713,33.157852,2025-03-19,16
51.464,5.459,19.208055,19.16533,19.250782,4.040636,4.0255327,4.0557394,4.2728186,4.2568474,4.2887897,4.2728186,4.2568474,4.2887897,34.081024,34.0383,34.12375,2025-03-19,16
51.465,5.459,19.216066,19.216066,19.216066,3.7099783,3.7099783,3.7099783,3.9231608,3.9231608,3.9231608,3.9231608,3.9231608,3.9231608,34.287018,34.287018,34.287018,2025-03-19,16
51.469,5.459,22.993692,22.9839,23.005264,9.764204,9.255197,10.311877,10.325277,9.787022,10.904421,10.325277,9.787022,10.904421,26.51,26.349274,26.630035,2025-03-19,16
51.473,5.459,20.794231,20.794231,20.794231,11.589525,11.589525,11.589525,12.255492,12.255492,12.255492,12.255492,12.255492,12.255492,33.52101,33.52101,33.52101,2025-03-19,16
51.474,5.459,22.308308,20.596626,22.901121,12.433927,11.858576,12.960574,13.148411,12.539997,13.705318,13.148411,12.539997,13.705318,29.337599,27.908737,34.416718,2025-03-19,16
51.459,5.46,21.950483,21.92645,21.974518,12.077855,11.562733,12.592977,12.771873,12.227152,13.316596,12.77187,12.227148,13.316592,30.512695,30.096893,30.928497,2025-03-19,16
51.463,5.46,19.306858,19.306858,19.306858,4.503107,4.503107,4.503107,4.761864,4.761864,4.761864,4.761864,4.761864,4.761864,33.696487,33.696487,33.696487,2025-03-19,16
51.464,5.46,19.216066,19.216066,19.216066,4.3582067,4.3582067,4.3582067,4.608638,4.608638,4.608638,4.608638,4.608638,4.608638,33.409622,33.409622,33.409622,2025-03-19,16
51.47,5.46,23.312351,23.104067,23.552681,8.956027,8.857225,9.018263,9.470662,9.366182,9.536473,9.470662,9.366182,9.536473,26.055283,25.828934,26.190582,2025-03-19,16
51.473,5.46,21.991873,20.505836,22.529945,12.181286,11.7939005,12.431878,12.881252,12.471612,13.146242,12.881252,12.471612,13.146242,30.305553,28.393982,33.71022,2025-03-19,16
51.462,5.461,19.341574,19.341574,19.341574,4.376356,4.376356,4.376356,4.62783,4.62783,4.62783,4.62783,4.62783,4.62783,34.17105,34.17105,34.17105,2025-03-19,16
51.463,5.461,19.341574,19.341574,19.341574,4.502303,4.502303,4.502303,4.761014,4.761014,4.761014,4.761014,4.761014,4.761014,34.0383,34.0383,34.0383,2025-03-19,16
51.47,5.461,23.751175,23.643473,23.931868,10.702564,9.789918,11.292433,11.317558,10.352469,11.941321,11.317558,10.352469,11.941321,25.502396,25.220108,25.714493,2025-03-19,16
51.472,5.461,21.70428,20.105288,22.754253,12.868883,11.887871,13.560499,13.60836,12.570975,14.339725,13.60836,12.570975,14.339725,32.00457,28.403137,34.901947,2025-03-19,16
51.473,5.461,22.551308,22.551308,22.551308,12.78545,12.78545,12.78545,13.520131,13.520131,13.520131,13.520131,13.520131,13.520131,29.250015,29.250015,29.250015,2025-03-19,16
51.461,5.462,19.341574,19.341574,19.341574,4.2306004,4.2306004,4.2306004,4.4736986,4.4736986,4.4736986,4.4736986,4.4736986,4.4736986,34.000153,34.000153,34.000153,2025-03-19,16
51.462,5.462,19.368277,19.368277,19.368277,4.3141823,4.3141823,4.3141823,4.5620832,4.5620832,4.5620832,4.5620832,4.5620832,4.5620832,33.75905,33.75905,33.75905,2025-03-19,16
51.471,5.462,22.358154,19.993134,24.401846,12.671701,11.562901,14.594774,13.399849,12.227331,15.433431,13.399849,12.227331,15.433431,30.551859,25.635147,35.645065,2025-03-19,16
51.472,5.462,22.634089,22.634089,22.634089,11.751729,11.751729,11.751729,12.42701,12.42701,12.42701,12.42701,12.42701,12.42701,29.497208,29.497208,29.497208,2025-03-19,16
51.461,5.463,19.401655,19.39765,19.40566,3.8106487,3.759101,3.8621964,4.029616,3.9751062,4.0841255,4.029616,3.9751062,4.0841255,34.06118,33.975723,34.146637,2025-03-19,16
51.471,5.463,24.029205,19.875637,25.066757,10.679377,6.6398716,14.750198,11.293036,7.0214143,15.597786,11.293036,7.0214143,15.597786,31.89583,25.909805,45.95558,2025-03-19,16
51.46,5.464,19.40833,19.40566,19.411001,3.972654,3.9245334,4.020775,4.2009306,4.1500444,4.2518167,4.2009306,4.1500444,4.2518167,33.735397,33.68123,33.789566,2025-03-19,16
51.471,5.464,20.036392,19.686045,20.329594,14.448858,13.296914,15.651735,15.27913,14.060992,16.551128,15.27913,14.060992,16.551128,35.49248,34.265656,36.13794,2025-03-19,16
51.459,5.465,19.445717,19.445717,19.445717,4.175115,4.175115,4.175115,4.415025,4.415025,4.415025,4.415025,4.415025,4.415025,34.068817,34.068817,34.068817,2025-03-19,16
51.47,5.465,19.949072,19.875637,20.022507,13.546041,13.192365,13.899716,14.324435,13.950436,14.698434,14.324435,13.950436,14.698434,35.36277,34.85617,35.86937,2025-03-19,16
51.458,5.466,19.424353,19.424353,19.424353,4.327868,4.327868,4.327868,4.5765557,4.5765557,4.5765557,4.5765557,4.5765557,4.5765557,34.20157,34.20157,34.20157,2025-03-19,16
51.459,5.466,19.453728,19.453728,19.453728,4.192615,4.192615,4.192615,4.433531,4.433531,4.433531,4.433531,4.433531,4.433531,34.09323,34.09323,34.09323,2025-03-19,16
51.469,5.466,19.706072,19.656672,19.755474,14.678748,14.49358,14.863916,15.522231,15.326422,15.7180395,15.522231,15.326422,15.7180395,36.105896,36.038757,36.173035,2025-03-19,16
51.455,5.467,19.680704,19.670023,19.691385,4.237507,4.158167,4.3168464,4.481002,4.397103,4.564901,4.481002,4.397103,4.564901,33.89028,33.719376,34.061188,2025-03-19,16
51.456,5.467,19.52716,19.48043,19.57389,3.871399,3.8695025,3.8732953,4.0938573,4.0918517,4.0958624,4.0938573,4.0918517,4.0958624,33.897903,33.890274,33.905533,2025-03-19,16
51.457,5.467,19.449276,19.419012,19.496452,4.021924,3.8309836,4.1682615,4.2530313,4.0511193,4.407778,4.2530313,4.0511193,4.407778,33.960976,33.65071,34.410614,2025-03-19,16
51.458,5.467,19.461739,19.461739,19.461739,4.316789,4.316789,4.316789,4.56484,4.56484,4.56484,4.56484,4.56484,4.56484,34.0856,34.0856,34.0856,2025-03-19,16
51.467,5.467,19.895666,19.755474,20.035858,13.076439,12.964713,13.188164,13.8278475,13.7097025,13.945992,13.8278475,13.7097025,13.945992,36.8696,36.812378,36.92682,2025-03-19,16
51.468,5.467,19.535172,19.453728,19.616617,14.306512,14.137931,14.475092,15.128604,14.950336,15.306872,15.128604,14.950336,15.306872,36.500336,36.424805,36.575867,2025-03-19,16
51.454,5.468,19.608606,19.608606,19.608606,4.5119195,4.5119195,4.5119195,4.771183,4.771183,4.771183,4.771183,4.771183,4.771183,33.42488,33.42488,33.42488,2025-03-19,16
51.455,5.468,19.531166,19.531166,19.531166,4.426661,4.426661,4.426661,4.6810255,4.6810255,4.6810255,4.6810255,4.6810255,4.6810255,33.905533,33.905533,33.905533,2025-03-19,16
51.467,5.468,20.257494,20.13466,20.329594,12.786029,12.430806,13.027249,13.52075,13.145115,13.775832,13.52075,13.145115,13.775832,36.161327,35.65422,36.93445,2025-03-19,16
51.454,5.469,19.747463,19.747463,19.747463,5.011318,5.011318,5.011318,5.2992783,5.2992783,5.2992783,5.2992783,5.2992783,5.2992783,34.03067,34.03067,34.03067,2025-03-19,16
51.467,5.469,19.97177,19.97177,19.97177,12.845413,12.845413,12.845413,13.583547,13.583547,13.583547,13.583547,13.583547,13.583547,35.886154,35.886154,35.886154,2025-03-19,16
51.454,5.47,19.63531,19.63531,19.63531,4.923945,4.923945,4.923945,5.2068844,5.2068844,5.2068844,5.2068844,5.2068844,5.2068844,34.139008,34.139008,34.139008,2025-03-19,16
51.467,5.47,19.707409,19.707409,19.707409,14.65113,14.65113,14.65113,15.493026,15.493026,15.493026,15.493026,15.493026,15.493026,35.545883,35.545883,35.545883,2025-03-19,16
51.453,5.471,19.946135,19.854277,20.027847,3.9462616,3.5806415,4.4709406,4.1730213,3.786392,4.7278495,4.1730213,3.786392,4.7278495,32.969555,32.555115,33.183792,2025-03-19,16
51.454,5.471,19.832912,19.832912,19.832912,4.6797056,4.6797056,4.6797056,4.9486103,4.9486103,4.9486103,4.9486103,4.9486103,4.9486103,33.316544,33.316544,33.316544,2025-03-19,16
51.467,5.471,19.600595,19.600595,19.600595,16.21223,16.21223,16.21223,17.143831,17.143831,17.143831,17.143831,17.143831,17.143831,35.89531,35.89531,35.89531,2025-03-19,16
51.451,5.472,20.078583,20.078583,20.078583,4.143896,4.143896,4.143896,4.3820124,4.3820124,4.3820124,4.3820124,4.3820124,4.3820124,32.67108,32.67108,32.67108,2025-03-19,16
51.452,5.472,20.035856,19.97978,20.091934,4.2350135,4.2191663,4.250861,4.478366,4.4616075,4.495124,4.478366,4.4616075,4.495124,32.67871,32.492554,32.86487,2025-03-19,16
51.467,5.472,19.467077,19.467077,19.467077,16.500404,16.500404,16.500404,17.448565,17.448565,17.448565,17.448565,17.448565,17.448565,35.93193,35.93193,35.93193,2025-03-19,16
51.45,5.473,20.169374,20.169374,20.169374,4.533475,4.533475,4.533475,4.7939773,4.7939773,4.7939773,4.7939773,4.7939773,4.7939773,32.663452,32.663452,32.663452,2025-03-19,16
51.451,5.473,20.12665,20.12665,20.12665,4.2926865,4.2926865,4.2926865,4.5393524,4.5393524,4.5393524,4.5393524,4.5393524,4.5393524,32.429993,32.429993,32.429993,2025-03-19,16
51.467,5.473,19.4831,19.4831,19.4831,16.340824,16.340824,16.340824,17.279814,17.279814,17.279814,17.279814,17.279814,17.279814,36.787964,36.787964,36.787964,2025-03-19,16
51.449,5.474,20.196077,20.196077,20.196077,4.659504,4.659504,4.659504,4.927248,4.927248,4.927248,4.927248,4.927248,4.927248,32.36133,32.36133,32.36133,2025-03-19,16
51.45,5.474,20.169374,20.169374,20.169374,4.4860225,4.4860225,4.4860225,4.743798,4.743798,4.743798,4.743798,4.743798,4.743798,32.69397,32.69397,32.69397,2025-03-19,16
51.467,5.474,19.688715,19.504463,19.910353,14.593286,13.636335,15.494942,15.431856,14.419917,16.385324,15.431856,14.419917,16.385324,36.63589,36.24475,37.212173,2025-03-19,16
51.445,5.475,20.174713,20.118637,20.230791,4.197782,3.9630933,4.4324703,4.4389944,4.19082,4.6871686,4.4389944,4.19082,4.6871686,32.294952,32.12024,32.469666,2025-03-19,16
51.446,5.475,20.204088,20.204088,20.204088,4.065446,4.065446,4.065446,4.299054,4.299054,4.299054,4.299054,4.299054,4.299054,32.28351,32.28351,32.28351,2025-03-19,16
51.447,5.475,20.284199,20.238804,20.329594,4.494113,4.2212873,4.766939,4.7523537,4.4638505,5.040857,4.7523537,4.4638505,5.040857,32.21331,31.894394,32.532227,2025-03-19,16
51.448,5.475,20.264616,20.225452,20.29488,4.5692143,4.4548893,4.7919717,4.8317704,4.710876,5.0673275,4.8317704,4.710876,5.0673275,32.36133,32.1828,32.532227,2025-03-19,16
51.449,5.475,20.217442,20.217442,20.217442,4.8775425,4.8775425,4.8775425,5.1578155,5.1578155,5.1578155,5.1578155,5.1578155,5.1578155,32.05768,32.05768,32.05768,2025-03-19,16
51.467,5.475,19.96643,19.96643,19.96643,13.472289,13.472289,13.472289,14.246445,14.246445,14.246445,14.246445,14.246445,14.246445,36.047913,36.047913,36.047913,2025-03-19,16
51.444,5.476,20.144007,20.13466,20.153353,4.293414,4.1254764,4.461352,4.5401216,4.362534,4.7177095,4.5401216,4.362534,4.7177095,31.9066,31.848618,31.964584,2025-03-19,16
51.442,5.477,20.174715,20.174715,20.174715,4.6354723,4.6354723,4.6354723,4.9018354,4.9018354,4.9018354,4.9018354,4.9018354,4.9018354,31.934067,31.934067,31.934067,2025-03-19,16
51.443,5.477,20.158693,20.148012,20.169374,4.0339246,3.9913359,4.076513,4.2657213,4.2206855,4.310757,4.2657213,4.2206855,4.310757,31.782242,31.685349,31.879135,2025-03-19,16
51.444,5.477,20.204088,20.204088,20.204088,4.2856646,4.2856646,4.2856646,4.5319266,4.5319266,4.5319266,4.5319266,4.5319266,4.5319266,31.770798,31.770798,31.770798,2025-03-19,16
51.467,5.477,19.39231,19.39231,19.39231,15.008996,15.008996,15.008996,15.871455,15.871455,15.871455,15.871455,15.871455,15.871455,36.707092,36.707092,36.707092,2025-03-19,16
51.441,5.478,20.113298,20.113298,20.113298,3.9264648,3.9264648,3.9264648,4.1520867,4.1520867,4.1520867,4.1520867,4.1520867,4.1520867,30.791168,30.791168,30.791168,2025-03-19,16
51.442,5.478,20.070572,20.070572,20.070572,4.4748716,4.4748716,4.4748716,4.7320065,4.7320065,4.7320065,4.7320065,4.7320065,4.7320065,30.901031,30.901031,30.901031,2025-03-19,16
51.467,5.478,19.296177,19.285496,19.306858,14.733347,14.604838,14.861855,15.579966,15.444074,15.715858,15.579966,15.444074,15.715858,36.523987,36.325623,36.72235,2025-03-19,16
51.441,5.479,20.13733,20.091934,20.182726,4.1312304,3.945879,4.3165817,4.368619,4.172617,4.5646205,4.368619,4.172617,4.5646205,31.261917,31.149765,31.37407,2025-03-19,16
51.467,5.479,19.224077,19.224077,19.224077,14.795752,14.795752,14.795752,15.645957,15.645957,15.645957,15.645957,15.645957,15.645957,36.943604,36.943604,36.943604,2025-03-19,16
51.44,5.48,20.118637,20.118637,20.118637,5.814492,5.814492,5.814492,6.1486044,6.1486044,6.1486044,6.1486044,6.1486044,6.1486044,31.467148,31.467148,31.467148,2025-03-19,16
51.467,5.48,19.376287,19.376287,19.376287,14.480987,14.480987,14.480987,15.313105,15.313105,15.313105,15.313105,15.313105,15.313105,36.47821,36.47821,36.47821,2025-03-19,16
51.44,5.481,20.217442,20.217442,20.217442,5.2523947,5.2523947,5.2523947,5.5542073,5.5542073,5.5542073,5.5542073,5.5542073,5.5542073,31.529709,31.529709,31.529709,2025-03-19,16
51.467,5.481,19.224077,19.224077,19.224077,15.394591,15.394591,15.394591,16.27921,16.27921,16.27921,16.27921,16.27921,16.27921,36.746765,36.746765,36.746765,2025-03-19,16
51.467,5.482,19.39231,19.39231,19.39231,15.88592,15.88592,15.88592,16.798769,16.798769,16.798769,16.798769,16.798769,16.798769,37.13893,37.13893,37.13893,2025-03-19,16
51.467,5.483,19.646658,19.40566,19.97177,15.150603,14.342397,15.531339,16.0212,15.166552,16.423813,16.0212,15.166552,16.423813,39.518955,36.012817,49.420914,2025-03-19,16
51.467,5.384,19.362936,19.352255,19.373617,3.430237,3.2820854,3.5783885,3.6273446,3.47068,3.7840092,3.6273446,3.47068,3.7840092,32.038597,31.898972,32.178223,2025-03-19,17
51.468,5.385,19.373617,19.373617,19.373617,3.392586,3.392586,3.392586,3.5875304,3.5875304,3.5875304,3.5875304,3.5875304,3.5875304,32.62683,32.62683,32.62683,2025-03-19,17
51.468,5.386,19.256123,19.256123,19.256123,3.085498,3.085498,3.085498,3.2627966,3.2627966,3.2627966,3.2627966,3.2627966,3.2627966,32.04242,32.04242,32.04242,2025-03-19,17
51.468,5.387,19.324217,19.296177,19.352255,2.6909823,2.5046947,2.87727,2.8456113,2.6486192,3.0426033,2.8456113,2.6486192,3.0426033,31.99511,31.770798,32.21942,2025-03-19,17
51.468,5.388,19.39498,19.39498,19.39498,2.4802096,2.4802096,2.4802096,2.6227272,2.6227272,2.6227272,2.6227272,2.6227272,2.6227272,32.666504,32.666504,32.666504,2025-03-19,17
51.468,5.389,19.429693,19.429693,19.429693,2.688701,2.688701,2.688701,2.8431988,2.8431988,2.8431988,2.8431988,2.8431988,2.8431988,32.88318,32.88318,32.88318,2025-03-19,17
51.468,5.39,19.515144,19.515144,19.515144,2.9066994,2.9066994,2.9066994,3.0737238,3.0737238,3.0737238,3.0737238,3.0737238,3.0737238,32.77179,32.77179,32.77179,2025-03-19,17
51.468,5.391,19.541847,19.541847,19.541847,3.209622,3.209622,3.209622,3.3940525,3.3940525,3.3940525,3.3940525,3.3940525,3.3940525,32.002747,32.002747,32.002747,2025-03-19,17
51.468,5.392,19.563211,19.515144,19.611277,3.5212693,3.3614135,3.6811254,3.7236083,3.5545666,3.8926497,3.7236083,3.5545666,3.8926497,31.92263,31.71434,32.13092,2025-03-19,17
51.468,5.393,19.463076,19.443045,19.48043,3.2270823,2.9558558,3.5302382,3.4125164,3.1257048,3.733092,3.4125164,3.1257048,3.733092,33.028908,32.747375,33.490494,2025-03-19,17
51.469,5.393,19.455061,19.451056,19.459066,3.3521528,3.1559465,3.5483592,3.5447738,3.3372931,3.7522545,3.5447738,3.3372931,3.7522545,32.32318,32.13092,32.51544,2025-03-19,17
51.47,5.393,19.584574,19.584574,19.584574,3.5089457,3.5089457,3.5089457,3.7105763,3.7105763,3.7105763,3.7105763,3.7105763,3.7105763,32.259094,32.259094,32.259094,2025-03-19,17
51.471,5.393,19.678034,19.667353,19.688715,3.6502883,3.5844612,3.7161155,3.8600407,3.790431,3.9296503,3.8600407,3.790431,3.9296503,31.991295,31.731125,32.251465,2025-03-19,17
51.47,5.394,19.632639,19.632639,19.632639,4.021995,4.021995,4.021995,4.253106,4.253106,4.253106,4.253106,4.253106,4.253106,31.9066,31.9066,31.9066,2025-03-19,17
51.47,5.395,19.704737,19.704737,19.704737,4.666684,4.666684,4.666684,4.93484,4.93484,4.93484,4.93484,4.93484,4.93484,31.818098,31.818098,31.818098,2025-03-19,17
51.47,5.396,19.64065,19.64065,19.64065,5.631602,5.631602,5.631602,5.955204,5.955204,5.955204,5.955204,5.955204,5.955204,32.002747,32.002747,32.002747,2025-03-19,17
51.47,5.397,19.619287,19.619287,19.619287,5.516924,5.516924,5.516924,5.833936,5.833936,5.833936,5.833936,5.833936,5.833936,32.002747,32.002747,32.002747,2025-03-19,17
51.469,5.398,19.81689,19.81689,19.81689,3.6859748,3.6859748,3.6859748,3.8977776,3.8977776,3.8977776,3.8977776,3.8977776,3.8977776,32.37964,32.37964,32.37964,2025-03-19,17
51.47,5.398,19.81689,19.81689,19.81689,3.8084452,3.8084452,3.8084452,4.0272856,4.0272856,4.0272856,4.0272856,4.0272856,4.0272856,32.570374,32.570374,32.570374,2025-03-19,17
51.469,5.399,19.795528,19.795528,19.795528,3.580808,3.580808,3.580808,3.786568,3.786568,3.786568,3.786568,3.786568,3.786568,32.78705,32.78705,32.78705,2025-03-19,17
51.469,5.4,19.835585,19.835585,19.835585,3.5561426,3.5561426,3.5561426,3.7604852,3.7604852,3.7604852,3.7604852,3.7604852,3.7604852,32.43457,32.43457,32.43457,2025-03-19,17
51.469,5.401,19.688715,19.688715,19.688715,3.633802,3.633802,3.633802,3.8426068,3.8426068,3.8426068,3.8426068,3.8426068,3.8426068,32.106506,32.106506,32.106506,2025-03-19,17
51.469,5.402,19.784847,19.718088,19.851606,3.6674695,3.6436863,3.6912527,3.878209,3.853059,3.903359,3.878209,3.853059,3.903359,31.302353,31.290146,31.31456,2025-03-19,17
51.468,5.403,19.64866,19.64866,19.64866,3.7790763,3.7790763,3.7790763,3.9962292,3.9962292,3.9962292,3.9962292,3.9962292,3.9962292,31.363388,31.363388,31.363388,2025-03-19,17
51.468,5.404,19.744793,19.744793,19.744793,3.995514,3.995514,3.995514,4.2251034,4.2251034,4.2251034,4.2251034,4.2251034,4.2251034,31.161972,31.161972,31.161972,2025-03-19,17
51.468,5.405,19.65133,19.597923,19.704737,5.394337,4.7040367,6.0846376,5.7043056,4.9743395,6.434272,5.7043056,4.9743395,6.434272,31.058968,30.754547,31.363388,2025-03-19,17
51.468,5.406,19.934385,19.934385,19.934385,6.9653172,6.9653172,6.9653172,7.365557,7.365557,7.365557,7.365557,7.365557,7.365557,31.578535,31.578535,31.578535,2025-03-19,17
51.468,5.407,19.853386,19.830242,19.899672,4.2755427,3.7961745,4.8841887,4.5212235,4.01431,5.164843,4.5212235,4.01431,5.164843,31.851166,31.563278,32.059204,2025-03-19,17
51.469,5.407,19.808882,19.760815,19.856947,3.4214964,3.336389,3.5066035,3.6181018,3.5281043,3.7080996,3.6181018,3.5281043,3.7080996,31.586166,31.457993,31.71434,2025-03-19,17
51.47,5.407,19.871634,19.843596,19.899672,3.833755,3.7809248,3.8865852,4.0540495,3.9981837,4.1099157,4.0540495,3.9981837,4.1099157,31.026161,30.954437,31.097885,2025-03-19,17
51.47,5.408,19.872969,19.872969,19.872969,4.504512,4.504512,4.504512,4.7633495,4.7633495,4.7633495,4.7633495,4.7633495,4.7633495,30.650787,30.650787,30.650787,2025-03-19,17
51.471,5.408,19.942396,19.942396,19.942396,4.496644,4.496644,4.496644,4.7550297,4.7550297,4.7550297,4.7550297,4.7550297,4.7550297,30.914764,30.914764,30.914764,2025-03-19,17
51.471,5.409,19.89166,19.89166,19.89166,4.6663737,4.6663737,4.6663737,4.934512,4.934512,4.934512,4.934512,4.934512,4.934512,30.707245,30.707245,30.707245,2025-03-19,17
51.471,5.41,19.913023,19.913023,19.913023,4.8990383,4.8990383,4.8990383,5.1805463,5.1805463,5.1805463,5.1805463,5.1805463,5.1805463,30.778961,30.778961,30.778961,2025-03-19,17
51.472,5.41,19.9691,19.9691,19.9691,4.7142363,4.7142363,4.7142363,4.985125,4.985125,4.985125,4.985125,4.985125,4.985125,30.418854,30.418854,30.418854,2025-03-19,17
51.472,5.411,19.899672,19.856947,19.942396,4.445849,4.3387494,4.552949,4.701316,4.588062,4.81457,4.701316,4.588062,4.81457,30.574493,30.362396,30.78659,2025-03-19,17
51.473,5.412,19.907682,19.907682,19.907682,4.147917,4.147917,4.147917,4.386264,4.386264,4.386264,4.386264,4.386264,4.386264,30.643156,30.643156,30.643156,2025-03-19,17
51.473,5.413,19.942396,19.88632,19.998474,3.966321,3.6781652,4.2544765,4.194233,3.8895195,4.4989467,4.194233,3.8895195,4.4989467,30.578308,30.49057,30.666046,2025-03-19,17
51.474,5.414,19.923704,19.89166,19.955748,3.515796,3.44228,3.5893118,3.71782,3.64008,3.7955601,3.71782,3.64008,3.7955601,30.538635,30.347137,30.730133,2025-03-19,17
51.474,5.415,19.864958,19.864958,19.864958,3.4835386,3.4835386,3.4835386,3.6837091,3.6837091,3.6837091,3.6837091,3.6837091,3.6837091,30.409698,30.409698,30.409698,2025-03-19,17
51.475,5.416,19.983788,19.9691,19.998474,3.6416388,3.418342,3.8649354,3.8508942,3.6147664,4.087022,3.8508942,3.6147664,4.087022,30.866707,30.707245,31.026169,2025-03-19,17
51.475,5.417,19.985123,19.985123,19.985123,3.8819294,3.8819294,3.8819294,4.1049924,4.1049924,4.1049924,4.1049924,4.1049924,4.1049924,31.01091,31.01091,31.01091,2025-03-19,17
51.476,5.417,19.929045,19.929045,19.929045,3.8670924,3.8670924,3.8670924,4.0893025,4.0893025,4.0893025,4.0893025,4.0893025,4.0893025,30.505829,30.505829,30.505829,2025-03-19,17
51.476,5.418,19.947737,19.947737,19.947737,3.534817,3.534817,3.534817,3.7379339,3.7379339,3.7379339,3.7379339,3.7379339,3.7379339,30.850677,30.850677,30.850677,2025-03-19,17
51.476,5.419,19.917028,19.89166,19.942396,3.6875625,3.6376054,3.7375197,3.8994567,3.846629,3.9522846,3.8994567,3.846629,3.9522846,30.530243,30.466156,30.59433,2025-03-19,17
51.462,5.455,23.768978,23.768978,23.768978,4.066152,4.066152,4.066152,4.618473,4.618473,4.618473,5.0076847,5.0076847,5.0076847,30.588226,30.588226,30.588226,2025-03-19,17
